timestamp,date_GMT,status,attendance,home_team_name,away_team_name,referee,Game_Week_counts,total_goal_counts
1533927600,Aug 10 2018 - 7:00pm,complete,74439,Manchester United,Leicester City,Andre Marriner,1,3
1533987000,Aug 11 2018 - 11:30am,complete,51749,Newcastle United,Tottenham Hotspur,Martin Atkinson,1,3
1533996000,Aug 11 2018 - 2:00pm,complete,10353,AFC Bournemouth,Cardiff City,Kevin Friend,1,2
1533996000,Aug 11 2018 - 2:00pm,complete,24821,Fulham,Crystal Palace,Mike Dean,1,2
1533996000,Aug 11 2018 - 2:00pm,complete,24121,Huddersfield Town,Chelsea,Chris Kavanagh,1,3
1533996000,Aug 11 2018 - 2:00pm,complete,20051,Watford,Brighton & Hove Albion,Jonathan Moss,1,2
1534005000,Aug 11 2018 - 4:30pm,complete,31231,Wolverhampton Wanderers,Everton,Craig Pawson,1,4
1534077000,Aug 12 2018 - 12:30pm,complete,53235,Liverpool,West Ham United,Anthony Taylor,1,4
1534077000,Aug 12 2018 - 12:30pm,complete,30784,Southampton,Burnley,Graham Scott,1,0
1534086000,Aug 12 2018 - 3:00pm,complete,59934,Arsenal,Manchester City,Michael Oliver,1,2
1534591800,Aug 18 2018 - 11:30am,complete,30720,Cardiff City,Newcastle United,Craig Pawson,2,0
1534600800,Aug 18 2018 - 2:00pm,complete,38601,Everton,Southampton,Lee Mason,2,3
1534600800,Aug 18 2018 - 2:00pm,complete,32043,Leicester City,Wolverhampton Wanderers,Mike Dean,2,2
1534600800,Aug 18 2018 - 2:00pm,complete,58297,Tottenham Hotspur,Fulham,Anthony Taylor,2,4
1534600800,Aug 18 2018 - 2:00pm,complete,56888,West Ham United,AFC Bournemouth,Stuart Attwell,2,3
1534609800,Aug 18 2018 - 4:30pm,complete,40491,Chelsea,Arsenal,Martin Atkinson,2,5
1534681800,Aug 19 2018 - 12:30pm,complete,18822,Burnley,Watford,Paul Tierney,2,4
1534681800,Aug 19 2018 - 12:30pm,complete,54021,Manchester City,Huddersfield Town,Andre Marriner,2,7
1534690800,Aug 19 2018 - 3:00pm,complete,30592,Brighton & Hove Albion,Manchester United,Kevin Friend,2,5
1534791600,Aug 20 2018 - 7:00pm,complete,25750,Crystal Palace,Liverpool,Michael Oliver,2,2
1535196600,Aug 25 2018 - 11:30am,complete,31222,Wolverhampton Wanderers,Manchester City,Martin Atkinson,3,2
1535205600,Aug 25 2018 - 2:00pm,complete,10654,AFC Bournemouth,Everton,Lee Probert,3,4
1535205600,Aug 25 2018 - 2:00pm,complete,59830,Arsenal,West Ham United,Graham Scott,3,4
1535205600,Aug 25 2018 - 2:00pm,complete,21193,Huddersfield Town,Cardiff City,Michael Oliver,3,0
1535205600,Aug 25 2018 - 2:00pm,complete,29925,Southampton,Leicester City,Jonathan Moss,3,3
1535214600,Aug 25 2018 - 4:30pm,complete,53294,Liverpool,Brighton & Hove Albion,Chris Kavanagh,3,1
1535286600,Aug 26 2018 - 12:30pm,complete,20014,Watford,Crystal Palace,Anthony Taylor,3,3
1535295600,Aug 26 2018 - 3:00pm,complete,23438,Fulham,Burnley,David Coote,3,6
1535295600,Aug 26 2018 - 3:00pm,complete,51791,Newcastle United,Chelsea,Paul Tierney,3,3
1535396400,Aug 27 2018 - 7:00pm,complete,74400,Manchester United,Tottenham Hotspur,Craig Pawson,3,3
1535801400,Sep 01 2018 - 11:30am,complete,32149,Leicester City,Liverpool,Paul Tierney,4,3
1535810400,Sep 01 2018 - 2:00pm,complete,30526,Brighton & Hove Albion,Fulham,Lee Probert,4,4
1535810400,Sep 01 2018 - 2:00pm,complete,40178,Chelsea,AFC Bournemouth,Lee Mason,4,2
1535810400,Sep 01 2018 - 2:00pm,complete,25495,Crystal Palace,Southampton,Martin Atkinson,4,2
1535810400,Sep 01 2018 - 2:00pm,complete,38767,Everton,Huddersfield Town,Stuart Attwell,4,2
1535810400,Sep 01 2018 - 2:00pm,complete,59947,West Ham United,Wolverhampton Wanderers,Chris Kavanagh,4,1
1535819400,Sep 01 2018 - 4:30pm,complete,53946,Manchester City,Newcastle United,Kevin Friend,4,3
1535891400,Sep 02 2018 - 12:30pm,complete,32316,Cardiff City,Arsenal,Anthony Taylor,4,5
1535900400,Sep 02 2018 - 3:00pm,complete,21525,Burnley,Manchester United,Jonathan Moss,4,2
1535900400,Sep 02 2018 - 3:00pm,complete,20141,Watford,Tottenham Hotspur,Andre Marriner,4,3
1537011000,Sep 15 2018 - 11:30am,complete,80188,Tottenham Hotspur,Liverpool,Michael Oliver,5,3
1537020000,Sep 15 2018 - 2:00pm,complete,10543,AFC Bournemouth,Leicester City,Craig Pawson,5,6
1537020000,Sep 15 2018 - 2:00pm,complete,40499,Chelsea,Cardiff City,Jonathan Moss,5,5
1537020000,Sep 15 2018 - 2:00pm,complete,23696,Huddersfield Town,Crystal Palace,Lee Mason,5,1
1537020000,Sep 15 2018 - 2:00pm,complete,53307,Manchester City,Fulham,Stuart Attwell,5,3
1537020000,Sep 15 2018 - 2:00pm,complete,52165,Newcastle United,Arsenal,Lee Probert,5,3
1537029000,Sep 15 2018 - 4:30pm,complete,20537,Watford,Manchester United,Mike Dean,5,3
1537101000,Sep 16 2018 - 12:30pm,complete,30406,Wolverhampton Wanderers,Burnley,Andre Marriner,5,1
1537110000,Sep 16 2018 - 3:00pm,complete,39161,Everton,West Ham United,Martin Atkinson,5,4
1537210800,Sep 17 2018 - 7:00pm,complete,27742,Southampton,Brighton & Hove Albion,Anthony Taylor,5,4
1537615800,Sep 22 2018 - 11:30am,complete,23418,Fulham,Watford,Martin Atkinson,6,2
1537624800,Sep 22 2018 - 2:00pm,complete,18636,Burnley,AFC Bournemouth,Anthony Taylor,6,4
1537624800,Sep 22 2018 - 2:00pm,complete,32321,Cardiff City,Manchester City,Michael Oliver,6,5
1537624800,Sep 22 2018 - 2:00pm,complete,25679,Crystal Palace,Newcastle United,Andre Marriner,6,0
1537624800,Sep 22 2018 - 2:00pm,complete,31676,Leicester City,Huddersfield Town,David Coote,6,4
1537624800,Sep 22 2018 - 2:00pm,complete,50965,Liverpool,Southampton,Paul Tierney,6,3
1537624800,Sep 22 2018 - 2:00pm,complete,74489,Manchester United,Wolverhampton Wanderers,Kevin Friend,6,2
1537633800,Sep 22 2018 - 4:30pm,complete,30531,Brighton & Hove Albion,Tottenham Hotspur,Chris Kavanagh,6,3
1537705800,Sep 23 2018 - 12:30pm,complete,56875,West Ham United,Chelsea,Mike Dean,6,0
1537714800,Sep 23 2018 - 3:00pm,complete,59964,Arsenal,Everton,Jonathan Moss,6,2
1538220600,Sep 29 2018 - 11:30am,complete,56938,West Ham United,Manchester United,Michael Oliver,7,4
1538229600,Sep 29 2018 - 2:00pm,complete,60019,Arsenal,Watford,Anthony Taylor,7,2
1538229600,Sep 29 2018 - 2:00pm,complete,38788,Everton,Fulham,Roger East,7,3
1538229600,Sep 29 2018 - 2:00pm,complete,23885,Huddersfield Town,Tottenham Hotspur,Craig Pawson,7,2
1538229600,Sep 29 2018 - 2:00pm,complete,54152,Manchester City,Brighton & Hove Albion,Lee Mason,7,2
1538229600,Sep 29 2018 - 2:00pm,complete,51523,Newcastle United,Leicester City,Simon Hooper,7,2
1538229600,Sep 29 2018 - 2:00pm,complete,31147,Wolverhampton Wanderers,Southampton,Stuart Attwell,7,2
1538238600,Sep 29 2018 - 4:30pm,complete,40625,Chelsea,Liverpool,Andre Marriner,7,2
1538319600,Sep 30 2018 - 3:00pm,complete,30411,Cardiff City,Burnley,Martin Atkinson,7,3
1538420400,Oct 01 2018 - 7:00pm,complete,10199,AFC Bournemouth,Crystal Palace,Mike Dean,7,3
1538766000,Oct 05 2018 - 7:00pm,complete,30544,Brighton & Hove Albion,West Ham United,Kevin Friend,8,1
1538834400,Oct 06 2018 - 2:00pm,complete,20533,Burnley,Huddersfield Town,Chris Kavanagh,8,2
1538834400,Oct 06 2018 - 2:00pm,complete,25715,Crystal Palace,Wolverhampton Wanderers,Michael Oliver,8,1
1538834400,Oct 06 2018 - 2:00pm,complete,32007,Leicester City,Everton,Andre Marriner,8,3
1538834400,Oct 06 2018 - 2:00pm,complete,43268,Tottenham Hotspur,Cardiff City,Mike Dean,8,1
1538834400,Oct 06 2018 - 2:00pm,complete,20139,Watford,AFC Bournemouth,Jonathan Moss,8,4
1538843400,Oct 06 2018 - 4:30pm,complete,74519,Manchester United,Newcastle United,Anthony Taylor,8,5
1538910000,Oct 07 2018 - 11:00am,complete,25401,Fulham,Arsenal,Paul Tierney,8,6
1538918100,Oct 07 2018 - 1:15pm,complete,27077,Southampton,Chelsea,Craig Pawson,8,3
1538926200,Oct 07 2018 - 3:30pm,complete,52117,Liverpool,Manchester City,Martin Atkinson,8,0
1540035000,Oct 20 2018 - 11:30am,complete,40721,Chelsea,Manchester United,Mike Dean,9,4
1540044000,Oct 20 2018 - 2:00pm,complete,10986,AFC Bournemouth,Southampton,Lee Probert,9,0
1540044000,Oct 20 2018 - 2:00pm,complete,29681,Cardiff City,Fulham,Kevin Friend,9,6
1540044000,Oct 20 2018 - 2:00pm,complete,54094,Manchester City,Burnley,Jonathan Moss,9,5
1540044000,Oct 20 2018 - 2:00pm,complete,50329,Newcastle United,Brighton & Hove Albion,Andre Marriner,9,1
1540044000,Oct 20 2018 - 2:00pm,complete,56921,West Ham United,Tottenham Hotspur,Martin Atkinson,9,1
1540044000,Oct 20 2018 - 2:00pm,complete,31144,Wolverhampton Wanderers,Watford,Lee Mason,9,2
1540053000,Oct 20 2018 - 4:30pm,complete,24263,Huddersfield Town,Liverpool,Michael Oliver,9,1
1540134000,Oct 21 2018 - 3:00pm,complete,38668,Everton,Crystal Palace,Anthony Taylor,9,2
1540234800,Oct 22 2018 - 7:00pm,complete,59886,Arsenal,Leicester City,Chris Kavanagh,9,4
1540648800,Oct 27 2018 - 2:00pm,complete,30654,Brighton & Hove Albion,Wolverhampton Wanderers,Anthony Taylor,10,1
1540648800,Oct 27 2018 - 2:00pm,complete,25071,Fulham,AFC Bournemouth,Andre Marriner,10,3
1540648800,Oct 27 2018 - 2:00pm,complete,53373,Liverpool,Cardiff City,Stuart Attwell,10,5
1540648800,Oct 27 2018 - 2:00pm,complete,30736,Southampton,Newcastle United,Chris Kavanagh,10,0
1540648800,Oct 27 2018 - 2:00pm,complete,20457,Watford,Huddersfield Town,Mike Dean,10,3
1540657800,Oct 27 2018 - 4:30pm,complete,31848,Leicester City,West Ham United,Michael Oliver,10,2
1540733400,Oct 28 2018 - 1:30pm,complete,21430,Burnley,Chelsea,Craig Pawson,10,4
1540733400,Oct 28 2018 - 1:30pm,complete,25718,Crystal Palace,Arsenal,Martin Atkinson,10,4
1540742400,Oct 28 2018 - 4:00pm,complete,74525,Manchester United,Everton,Jonathan Moss,10,3
1540843200,Oct 29 2018 - 8:00pm,complete,56854,Tottenham Hotspur,Manchester City,Kevin Friend,10,1
1541248200,Nov 03 2018 - 12:30pm,complete,10792,AFC Bournemouth,Manchester United,Paul Tierney,11,3
1541257200,Nov 03 2018 - 3:00pm,complete,30877,Cardiff City,Leicester City,Lee Probert,11,1
1541257200,Nov 03 2018 - 3:00pm,complete,38966,Everton,Brighton & Hove Albion,David Coote,11,4
1541257200,Nov 03 2018 - 3:00pm,complete,49157,Newcastle United,Watford,Craig Pawson,11,1
1541257200,Nov 03 2018 - 3:00pm,complete,56862,West Ham United,Burnley,Roger East,11,6
1541266200,Nov 03 2018 - 5:30pm,complete,59993,Arsenal,Liverpool,Andre Marriner,11,2
1541274300,Nov 03 2018 - 7:45pm,complete,31185,Wolverhampton Wanderers,Tottenham Hotspur,Mike Dean,11,5
1541343600,Nov 04 2018 - 3:00pm,complete,53916,Manchester City,Southampton,Lee Mason,11,7
1541347200,Nov 04 2018 - 4:00pm,complete,40407,Chelsea,Crystal Palace,Michael Oliver,11,4
1541448000,Nov 05 2018 - 8:00pm,complete,17082,Huddersfield Town,Fulham,Anthony Taylor,11,1
1541853000,Nov 10 2018 - 12:30pm,complete,29402,Cardiff City,Brighton & Hove Albion,Martin Atkinson,12,3
1541862000,Nov 10 2018 - 3:00pm,complete,24069,Huddersfield Town,West Ham United,Chris Kavanagh,12,2
1541862000,Nov 10 2018 - 3:00pm,complete,32184,Leicester City,Burnley,Mike Dean,12,0
1541862000,Nov 10 2018 - 3:00pm,complete,49266,Newcastle United,AFC Bournemouth,Lee Probert,12,3
1541862000,Nov 10 2018 - 3:00pm,complete,28153,Southampton,Watford,Simon Hooper,12,2
1541871000,Nov 10 2018 - 5:30pm,complete,25685,Crystal Palace,Tottenham Hotspur,Jonathan Moss,12,1
1541937600,Nov 11 2018 - 12:00pm,complete,53128,Liverpool,Fulham,Paul Tierney,12,2
1541945700,Nov 11 2018 - 2:15pm,complete,40345,Chelsea,Everton,Kevin Friend,12,0
1541953800,Nov 11 2018 - 4:30pm,complete,60030,Arsenal,Wolverhampton Wanderers,Stuart Attwell,12,2
1541953800,Nov 11 2018 - 4:30pm,complete,54316,Manchester City,Manchester United,Anthony Taylor,12,4
1543071600,Nov 24 2018 - 3:00pm,complete,30553,Brighton & Hove Albion,Leicester City,Chris Kavanagh,13,2
1543071600,Nov 24 2018 - 3:00pm,complete,39139,Everton,Cardiff City,Paul Tierney,13,1
1543071600,Nov 24 2018 - 3:00pm,complete,24603,Fulham,Southampton,Michael Oliver,13,5
1543071600,Nov 24 2018 - 3:00pm,complete,74516,Manchester United,Crystal Palace,Lee Mason,13,0
1543071600,Nov 24 2018 - 3:00pm,complete,20540,Watford,Liverpool,Jonathan Moss,13,3
1543071600,Nov 24 2018 - 3:00pm,complete,56886,West Ham United,Manchester City,Andre Marriner,13,4
1543080600,Nov 24 2018 - 5:30pm,complete,55465,Tottenham Hotspur,Chelsea,Martin Atkinson,13,4
1543152600,Nov 25 2018 - 1:30pm,complete,10792,AFC Bournemouth,Arsenal,Craig Pawson,13,3
1543161600,Nov 25 2018 - 4:00pm,complete,30130,Wolverhampton Wanderers,Huddersfield Town,Kevin Friend,13,2
1543264200,Nov 26 2018 - 8:30pm,complete,20628,Burnley,Newcastle United,Anthony Taylor,13,3
1543608000,Nov 30 2018 - 8:00pm,complete,30213,Cardiff City,Wolverhampton Wanderers,Andre Marriner,14,3
1543676400,Dec 01 2018 - 3:00pm,complete,25098,Crystal Palace,Burnley,Lee Probert,14,2
1543676400,Dec 01 2018 - 3:00pm,complete,22973,Huddersfield Town,Brighton & Hove Albion,Michael Oliver,14,3
1543676400,Dec 01 2018 - 3:00pm,complete,31353,Leicester City,Watford,Graham Scott,14,2
1543676400,Dec 01 2018 - 3:00pm,complete,54409,Manchester City,AFC Bournemouth,Stuart Attwell,14,4
1543676400,Dec 01 2018 - 3:00pm,complete,51853,Newcastle United,West Ham United,Paul Tierney,14,3
1543685400,Dec 01 2018 - 5:30pm,complete,30187,Southampton,Manchester United,Kevin Friend,14,4
1543752000,Dec 02 2018 - 12:00pm,complete,40551,Chelsea,Fulham,Craig Pawson,14,2
1543759500,Dec 02 2018 - 2:05pm,complete,59973,Arsenal,Tottenham Hotspur,Mike Dean,14,6
1543767300,Dec 02 2018 - 4:15pm,complete,51756,Liverpool,Everton,Chris Kavanagh,14,1
1543952700,Dec 04 2018 - 7:45pm,complete,9980,AFC Bournemouth,Huddersfield Town,Roger East,15,3
1543952700,Dec 04 2018 - 7:45pm,complete,29663,Brighton & Hove Albion,Crystal Palace,Kevin Friend,15,4
1543952700,Dec 04 2018 - 7:45pm,complete,56811,West Ham United,Cardiff City,Graham Scott,15,4
1543953600,Dec 04 2018 - 8:00pm,complete,20389,Watford,Manchester City,Paul Tierney,15,3
1544039100,Dec 05 2018 - 7:45pm,complete,21741,Burnley,Liverpool,Stuart Attwell,15,4
1544039100,Dec 05 2018 - 7:45pm,complete,22881,Fulham,Leicester City,David Coote,15,2
1544039100,Dec 05 2018 - 7:45pm,complete,31300,Wolverhampton Wanderers,Chelsea,Jonathan Moss,15,3
1544039100,Dec 05 2018 - 7:45pm,complete,39350,Everton,Newcastle United,Lee Mason,15,2
1544040000,Dec 05 2018 - 8:00pm,complete,74507,Manchester United,Arsenal,Andre Marriner,15,4
1544040000,Dec 05 2018 - 8:00pm,complete,33012,Tottenham Hotspur,Southampton,Anthony Taylor,15,4
1544272200,Dec 08 2018 - 12:30pm,complete,10752,AFC Bournemouth,Liverpool,Lee Mason,16,4
1544281200,Dec 08 2018 - 3:00pm,complete,59893,Arsenal,Huddersfield Town,Paul Tierney,16,1
1544281200,Dec 08 2018 - 3:00pm,complete,18497,Burnley,Brighton & Hove Albion,Martin Atkinson,16,1
1544281200,Dec 08 2018 - 3:00pm,complete,30067,Cardiff City,Southampton,Jonathan Moss,16,1
1544281200,Dec 08 2018 - 3:00pm,complete,74523,Manchester United,Fulham,Lee Probert,16,5
1544281200,Dec 08 2018 - 3:00pm,complete,56995,West Ham United,Crystal Palace,Anthony Taylor,16,5
1544290200,Dec 08 2018 - 5:30pm,complete,40571,Chelsea,Manchester City,Michael Oliver,16,2
1544298300,Dec 08 2018 - 7:45pm,complete,31957,Leicester City,Tottenham Hotspur,Craig Pawson,16,2
1544371200,Dec 09 2018 - 4:00pm,complete,50223,Newcastle United,Wolverhampton Wanderers,Mike Dean,16,3
1544472000,Dec 10 2018 - 8:00pm,complete,38400,Everton,Watford,Kevin Friend,16,4
1544877000,Dec 15 2018 - 12:30pm,complete,54173,Manchester City,Everton,Craig Pawson,17,4
1544886000,Dec 15 2018 - 3:00pm,complete,24738,Crystal Palace,Leicester City,Michael Oliver,17,1
1544886000,Dec 15 2018 - 3:00pm,complete,24036,Huddersfield Town,Newcastle United,Anthony Taylor,17,1
1544886000,Dec 15 2018 - 3:00pm,complete,41645,Tottenham Hotspur,Burnley,Graham Scott,17,1
1544886000,Dec 15 2018 - 3:00pm,complete,20032,Watford,Cardiff City,Andy Madley,17,5
1544886000,Dec 15 2018 - 3:00pm,complete,30997,Wolverhampton Wanderers,AFC Bournemouth,Simon Hooper,17,2
1544895000,Dec 15 2018 - 5:30pm,complete,24081,Fulham,West Ham United,Mike Dean,17,2
1544967000,Dec 16 2018 - 1:30pm,complete,30645,Brighton & Hove Albion,Chelsea,Stuart Attwell,17,3
1544967000,Dec 16 2018 - 1:30pm,complete,29497,Southampton,Arsenal,Chris Kavanagh,17,5
1544976000,Dec 16 2018 - 4:00pm,complete,52908,Liverpool,Manchester United,Martin Atkinson,17,4
1545422400,Dec 21 2018 - 8:00pm,complete,31358,Wolverhampton Wanderers,Liverpool,Craig Pawson,18,2
1545481800,Dec 22 2018 - 12:30pm,complete,59493,Arsenal,Burnley,Kevin Friend,18,4
1545490800,Dec 22 2018 - 3:00pm,complete,10491,AFC Bournemouth,Brighton & Hove Albion,Mike Dean,18,2
1545490800,Dec 22 2018 - 3:00pm,complete,40558,Chelsea,Leicester City,Lee Probert,18,1
1545490800,Dec 22 2018 - 3:00pm,complete,22394,Huddersfield Town,Southampton,Stuart Attwell,18,4
1545490800,Dec 22 2018 - 3:00pm,complete,54340,Manchester City,Crystal Palace,Andre Marriner,18,5
1545490800,Dec 22 2018 - 3:00pm,complete,51237,Newcastle United,Fulham,Martin Atkinson,18,0
1545490800,Dec 22 2018 - 3:00pm,complete,56833,West Ham United,Watford,Lee Mason,18,2
1545499800,Dec 22 2018 - 5:30pm,complete,33028,Cardiff City,Manchester United,Michael Oliver,18,6
1545580800,Dec 23 2018 - 4:00pm,complete,39319,Everton,Tottenham Hotspur,Paul Tierney,18,8
1545827400,Dec 26 2018 - 12:30pm,complete,24382,Fulham,Wolverhampton Wanderers,Andre Marriner,19,2
1545836400,Dec 26 2018 - 3:00pm,complete,21484,Burnley,Everton,Michael Oliver,19,6
1545836400,Dec 26 2018 - 3:00pm,complete,25206,Crystal Palace,Cardiff City,Lee Probert,19,0
1545836400,Dec 26 2018 - 3:00pm,complete,32090,Leicester City,Manchester City,Mike Dean,19,3
1545836400,Dec 26 2018 - 3:00pm,complete,53318,Liverpool,Newcastle United,Graham Scott,19,4
1545836400,Dec 26 2018 - 3:00pm,complete,74523,Manchester United,Huddersfield Town,Jonathan Moss,19,4
1545836400,Dec 26 2018 - 3:00pm,complete,45154,Tottenham Hotspur,AFC Bournemouth,Chris Kavanagh,19,5
1545844500,Dec 26 2018 - 5:15pm,complete,30608,Brighton & Hove Albion,Arsenal,Anthony Taylor,19,2
1545852600,Dec 26 2018 - 7:30pm,complete,20415,Watford,Chelsea,Martin Atkinson,19,3
1545939900,Dec 27 2018 - 7:45pm,complete,31654,Southampton,West Ham United,Craig Pawson,19,3
1546095600,Dec 29 2018 - 3:00pm,complete,30597,Brighton & Hove Albion,Everton,Andy Madley,20,1
1546095600,Dec 29 2018 - 3:00pm,complete,24423,Fulham,Huddersfield Town,Kevin Friend,20,1
1546095600,Dec 29 2018 - 3:00pm,complete,32047,Leicester City,Cardiff City,Simon Hooper,20,1
1546095600,Dec 29 2018 - 3:00pm,complete,46356,Tottenham Hotspur,Wolverhampton Wanderers,Stuart Attwell,20,4
1546095600,Dec 29 2018 - 3:00pm,complete,20336,Watford,Newcastle United,Roger East,20,2
1546104600,Dec 29 2018 - 5:30pm,complete,53326,Liverpool,Arsenal,Michael Oliver,20,6
1546171200,Dec 30 2018 - 12:00pm,complete,25781,Crystal Palace,Chelsea,Craig Pawson,20,1
1546179300,Dec 30 2018 - 2:15pm,complete,20933,Burnley,West Ham United,David Coote,20,2
1546179300,Dec 30 2018 - 2:15pm,complete,31381,Southampton,Manchester City,Paul Tierney,20,4
1546187400,Dec 30 2018 - 4:30pm,complete,74556,Manchester United,AFC Bournemouth,Lee Mason,20,5
1546345800,Jan 01 2019 - 12:30pm,complete,39052,Everton,Leicester City,Martin Atkinson,21,1
1546354800,Jan 01 2019 - 3:00pm,complete,59887,Arsenal,Fulham,Graham Scott,21,5
1546363800,Jan 01 2019 - 5:30pm,complete,32485,Cardiff City,Tottenham Hotspur,Kevin Friend,21,3
1546458300,Jan 02 2019 - 7:45pm,complete,40668,Chelsea,Southampton,Jonathan Moss,21,0
1546458300,Jan 02 2019 - 7:45pm,complete,23715,Huddersfield Town,Burnley,Mike Dean,21,3
1546458300,Jan 02 2019 - 7:45pm,complete,59870,West Ham United,Brighton & Hove Albion,Chris Kavanagh,21,4
1546458300,Jan 02 2019 - 7:45pm,complete,30666,Wolverhampton Wanderers,Crystal Palace,Roger East,21,2
1546459200,Jan 02 2019 - 8:00pm,complete,10261,AFC Bournemouth,Watford,David Coote,21,6
1546459200,Jan 02 2019 - 8:00pm,complete,52217,Newcastle United,Manchester United,Andre Marriner,21,2
1546545600,Jan 03 2019 - 8:00pm,complete,54511,Manchester City,Liverpool,Anthony Taylor,21,3
1547296200,Jan 12 2019 - 12:30pm,complete,59946,West Ham United,Arsenal,Jonathan Moss,22,1
1547305200,Jan 12 2019 - 3:00pm,complete,30862,Brighton & Hove Albion,Liverpool,Kevin Friend,22,1
1547305200,Jan 12 2019 - 3:00pm,complete,19316,Burnley,Fulham,Martin Atkinson,22,3
1547305200,Jan 12 2019 - 3:00pm,complete,30725,Cardiff City,Huddersfield Town,Lee Mason,22,0
1547305200,Jan 12 2019 - 3:00pm,complete,25010,Crystal Palace,Watford,Paul Tierney,22,3
1547305200,Jan 12 2019 - 3:00pm,complete,31491,Leicester City,Southampton,Michael Oliver,22,3
1547314200,Jan 12 2019 - 5:30pm,complete,40491,Chelsea,Newcastle United,Chris Kavanagh,22,3
1547388900,Jan 13 2019 - 2:15pm,complete,38113,Everton,AFC Bournemouth,Anthony Taylor,22,2
1547397000,Jan 13 2019 - 4:30pm,complete,80062,Tottenham Hotspur,Manchester United,Mike Dean,22,1
1547496000,Jan 14 2019 - 8:00pm,complete,54171,Manchester City,Wolverhampton Wanderers,Craig Pawson,22,3
1547901000,Jan 19 2019 - 12:30pm,complete,31278,Wolverhampton Wanderers,Leicester City,Chris Kavanagh,23,7
1547910000,Jan 19 2019 - 3:00pm,complete,10495,AFC Bournemouth,West Ham United,Simon Hooper,23,2
1547910000,Jan 19 2019 - 3:00pm,complete,53171,Liverpool,Crystal Palace,Jonathan Moss,23,7
1547910000,Jan 19 2019 - 3:00pm,complete,74532,Manchester United,Brighton & Hove Albion,Paul Tierney,23,3
1547910000,Jan 19 2019 - 3:00pm,complete,49864,Newcastle United,Cardiff City,Stuart Attwell,23,3
1547910000,Jan 19 2019 - 3:00pm,complete,29989,Southampton,Everton,Graham Scott,23,3
1547910000,Jan 19 2019 - 3:00pm,complete,19510,Watford,Burnley,Michael Oliver,23,0
1547919000,Jan 19 2019 - 5:30pm,complete,59979,Arsenal,Chelsea,Anthony Taylor,23,2
1547991000,Jan 20 2019 - 1:30pm,complete,24190,Huddersfield Town,Manchester City,Andre Marriner,23,3
1548000000,Jan 20 2019 - 4:00pm,complete,24807,Fulham,Tottenham Hotspur,Craig Pawson,23,3
1548791100,Jan 29 2019 - 7:45pm,complete,59933,Arsenal,Cardiff City,Mike Dean,24,3
1548791100,Jan 29 2019 - 7:45pm,complete,22008,Fulham,Brighton & Hove Albion,Lee Probert,24,6
1548791100,Jan 29 2019 - 7:45pm,complete,23699,Huddersfield Town,Everton,Stuart Attwell,24,1
1548791100,Jan 29 2019 - 7:45pm,complete,31122,Wolverhampton Wanderers,West Ham United,David Coote,24,3
1548792000,Jan 29 2019 - 8:00pm,complete,74529,Manchester United,Burnley,Jonathan Moss,24,4
1548792000,Jan 29 2019 - 8:00pm,complete,50861,Newcastle United,Manchester City,Paul Tierney,24,3
1548877500,Jan 30 2019 - 7:45pm,complete,10227,AFC Bournemouth,Chelsea,Roger East,24,4
1548877500,Jan 30 2019 - 7:45pm,complete,28339,Southampton,Crystal Palace,Andre Marriner,24,2
1548878400,Jan 30 2019 - 8:00pm,complete,53092,Liverpool,Leicester City,Martin Atkinson,24,2
1548878400,Jan 30 2019 - 8:00pm,complete,29164,Tottenham Hotspur,Watford,Graham Scott,24,3
1549110600,Feb 02 2019 - 12:30pm,complete,41219,Tottenham Hotspur,Newcastle United,Andre Marriner,25,1
1549119600,Feb 02 2019 - 3:00pm,complete,30414,Brighton & Hove Albion,Watford,Simon Hooper,25,0
1549119600,Feb 02 2019 - 3:00pm,complete,19787,Burnley,Southampton,Anthony Taylor,25,2
1549119600,Feb 02 2019 - 3:00pm,complete,40626,Chelsea,Huddersfield Town,Paul Tierney,25,5
1549119600,Feb 02 2019 - 3:00pm,complete,25355,Crystal Palace,Fulham,Michael Oliver,25,2
1549119600,Feb 02 2019 - 3:00pm,complete,39380,Everton,Wolverhampton Wanderers,Lee Mason,25,4
1549128600,Feb 02 2019 - 5:30pm,complete,31939,Cardiff City,AFC Bournemouth,Jonathan Moss,25,2
1549202700,Feb 03 2019 - 2:05pm,complete,32148,Leicester City,Manchester United,Mike Dean,25,1
1549211400,Feb 03 2019 - 4:30pm,complete,54483,Manchester City,Arsenal,Martin Atkinson,25,4
1549310400,Feb 04 2019 - 8:00pm,complete,59903,West Ham United,Liverpool,Kevin Friend,25,2
1549482300,Feb 06 2019 - 7:45pm,complete,39322,Everton,Manchester City,Craig Pawson,27,2
1549715400,Feb 09 2019 - 12:30pm,complete,25001,Fulham,Manchester United,Paul Tierney,26,3
1549724400,Feb 09 2019 - 3:00pm,complete,25552,Crystal Palace,West Ham United,Craig Pawson,26,2
1549724400,Feb 09 2019 - 3:00pm,complete,24182,Huddersfield Town,Arsenal,Jonathan Moss,26,3
1549724400,Feb 09 2019 - 3:00pm,complete,53178,Liverpool,AFC Bournemouth,Anthony Taylor,26,3
1549724400,Feb 09 2019 - 3:00pm,complete,31438,Southampton,Cardiff City,Martin Atkinson,26,3
1549724400,Feb 09 2019 - 3:00pm,complete,20333,Watford,Everton,Lee Probert,26,1
1549733400,Feb 09 2019 - 5:30pm,complete,29323,Brighton & Hove Albion,Burnley,Stuart Attwell,26,4
1549805400,Feb 10 2019 - 1:30pm,complete,44154,Tottenham Hotspur,Leicester City,Michael Oliver,26,4
1549814400,Feb 10 2019 - 4:00pm,complete,54452,Manchester City,Chelsea,Mike Dean,26,6
1549915200,Feb 11 2019 - 8:00pm,complete,30687,Wolverhampton Wanderers,Newcastle United,Graham Scott,26,2
1550864700,Feb 22 2019 - 7:45pm,complete,30387,Cardiff City,Watford,Simon Hooper,27,6
1550864700,Feb 22 2019 - 7:45pm,complete,59950,West Ham United,Fulham,Lee Mason,27,4
1550925000,Feb 23 2019 - 12:30pm,complete,21338,Burnley,Tottenham Hotspur,Mike Dean,27,3
1550934000,Feb 23 2019 - 3:00pm,complete,10671,AFC Bournemouth,Wolverhampton Wanderers,Roger East,27,2
1550934000,Feb 23 2019 - 3:00pm,complete,52174,Newcastle United,Huddersfield Town,Kevin Friend,27,2
1550943000,Feb 23 2019 - 5:30pm,complete,31778,Leicester City,Crystal Palace,Anthony Taylor,27,5
1551017100,Feb 24 2019 - 2:05pm,complete,59877,Arsenal,Southampton,Graham Scott,27,2
1551017100,Feb 24 2019 - 2:05pm,complete,74519,Manchester United,Liverpool,Michael Oliver,27,0
1551210300,Feb 26 2019 - 7:45pm,complete,31849,Cardiff City,Everton,Kevin Friend,28,3
1551210300,Feb 26 2019 - 7:45pm,complete,22714,Huddersfield Town,Wolverhampton Wanderers,David Coote,28,1
1551210300,Feb 26 2019 - 7:45pm,complete,30558,Leicester City,Brighton & Hove Albion,Lee Probert,28,3
1551211200,Feb 26 2019 - 8:00pm,complete,48323,Newcastle United,Burnley,Craig Pawson,28,2
1551296700,Feb 27 2019 - 7:45pm,complete,59618,Arsenal,AFC Bournemouth,Chris Kavanagh,28,6
1551296700,Feb 27 2019 - 7:45pm,complete,27597,Southampton,Fulham,Anthony Taylor,28,2
1551297600,Feb 27 2019 - 8:00pm,complete,25754,Crystal Palace,Manchester United,Martin Atkinson,28,4
1551297600,Feb 27 2019 - 8:00pm,complete,40542,Chelsea,Tottenham Hotspur,Andre Marriner,28,2
1551297600,Feb 27 2019 - 8:00pm,complete,53316,Liverpool,Watford,Graham Scott,28,5
1551297600,Feb 27 2019 - 8:00pm,complete,53528,Manchester City,West Ham United,Stuart Attwell,28,1
1551529800,Mar 02 2019 - 12:30pm,complete,81332,Tottenham Hotspur,Arsenal,Anthony Taylor,29,2
1551538800,Mar 02 2019 - 3:00pm,complete,10699,AFC Bournemouth,Manchester City,Kevin Friend,29,1
1551538800,Mar 02 2019 - 3:00pm,complete,30182,Brighton & Hove Albion,Huddersfield Town,Mike Dean,29,1
1551538800,Mar 02 2019 - 3:00pm,complete,19223,Burnley,Crystal Palace,Lee Probert,29,4
1551538800,Mar 02 2019 - 3:00pm,complete,74459,Manchester United,Southampton,Stuart Attwell,29,5
1551538800,Mar 02 2019 - 3:00pm,complete,31309,Wolverhampton Wanderers,Cardiff City,Andre Marriner,29,2
1551547800,Mar 02 2019 - 5:30pm,complete,59910,West Ham United,Newcastle United,Chris Kavanagh,29,2
1551614400,Mar 03 2019 - 12:00pm,complete,20062,Watford,Leicester City,Jonathan Moss,29,3
1551621900,Mar 03 2019 - 2:05pm,complete,24900,Fulham,Chelsea,Graham Scott,29,3
1551629700,Mar 03 2019 - 4:15pm,complete,39335,Everton,Liverpool,Martin Atkinson,29,0
1552134600,Mar 09 2019 - 12:30pm,complete,24972,Crystal Palace,Brighton & Hove Albion,Craig Pawson,30,3
1552143600,Mar 09 2019 - 3:00pm,complete,32458,Cardiff City,West Ham United,Graham Scott,30,2
1552143600,Mar 09 2019 - 3:00pm,complete,22304,Huddersfield Town,AFC Bournemouth,Anthony Taylor,30,2
1552143600,Mar 09 2019 - 3:00pm,complete,32017,Leicester City,Fulham,David Coote,30,4
1552143600,Mar 09 2019 - 3:00pm,complete,52242,Newcastle United,Everton,Lee Mason,30,5
1552143600,Mar 09 2019 - 3:00pm,complete,31890,Southampton,Tottenham Hotspur,Kevin Friend,30,3
1552152600,Mar 09 2019 - 5:30pm,complete,54104,Manchester City,Watford,Paul Tierney,30,4
1552219200,Mar 10 2019 - 12:00pm,complete,53310,Liverpool,Burnley,Andre Marriner,30,6
1552226700,Mar 10 2019 - 2:05pm,complete,40692,Chelsea,Wolverhampton Wanderers,Michael Oliver,30,2
1552235400,Mar 10 2019 - 4:30pm,complete,60000,Arsenal,Manchester United,Jonathan Moss,30,2
1552748400,Mar 16 2019 - 3:00pm,complete,10625,AFC Bournemouth,Newcastle United,Mike Dean,31,4
1552748400,Mar 16 2019 - 3:00pm,complete,20719,Burnley,Leicester City,Michael Oliver,31,3
1552748400,Mar 16 2019 - 3:00pm,complete,59931,West Ham United,Huddersfield Town,Jonathan Moss,31,7
1552832100,Mar 17 2019 - 2:15pm,complete,25043,Fulham,Liverpool,Craig Pawson,31,3
1552840200,Mar 17 2019 - 4:30pm,complete,39356,Everton,Chelsea,Anthony Taylor,31,2
1553949000,Mar 30 2019 - 12:30pm,complete,25001,Fulham,Manchester City,Kevin Friend,32,2
1553958000,Mar 30 2019 - 3:00pm,complete,30636,Brighton & Hove Albion,Southampton,Michael Oliver,32,1
1553958000,Mar 30 2019 - 3:00pm,complete,20990,Burnley,Wolverhampton Wanderers,Chris Kavanagh,32,2
1553958000,Mar 30 2019 - 3:00pm,complete,25193,Crystal Palace,Huddersfield Town,Lee Probert,32,2
1553958000,Mar 30 2019 - 3:00pm,complete,31530,Leicester City,AFC Bournemouth,Lee Mason,32,2
1553958000,Mar 30 2019 - 3:00pm,complete,74543,Manchester United,Watford,Stuart Attwell,32,3
1553967000,Mar 30 2019 - 5:30pm,complete,59988,West Ham United,Everton,Paul Tierney,32,2
1554037500,Mar 31 2019 - 1:05pm,complete,32657,Cardiff City,Chelsea,Craig Pawson,32,3
1554046200,Mar 31 2019 - 3:30pm,complete,53322,Liverpool,Tottenham Hotspur,Martin Atkinson,32,3
1554145200,Apr 01 2019 - 7:00pm,complete,59869,Arsenal,Newcastle United,Anthony Taylor,32,2
1554230700,Apr 02 2019 - 6:45pm,complete,17301,Watford,Fulham,Roger East,33,5
1554230700,Apr 02 2019 - 6:45pm,complete,31302,Wolverhampton Wanderers,Manchester United,Mike Dean,33,3
1554317100,Apr 03 2019 - 6:45pm,complete,38593,Chelsea,Brighton & Hove Albion,Graham Scott,27,3
1554317100,Apr 03 2019 - 6:45pm,complete,59215,Tottenham Hotspur,Crystal Palace,Andre Marriner,31,2
1554317100,Apr 03 2019 - 6:45pm,complete,53559,Manchester City,Cardiff City,Jonathan Moss,33,2
1554490800,Apr 05 2019 - 7:00pm,complete,31797,Southampton,Liverpool,Paul Tierney,33,4
1554559200,Apr 06 2019 - 2:00pm,complete,10446,AFC Bournemouth,Burnley,Martin Atkinson,33,4
1554559200,Apr 06 2019 - 2:00pm,complete,24126,Huddersfield Town,Leicester City,David Coote,33,5
1554559200,Apr 06 2019 - 2:00pm,complete,51926,Newcastle United,Crystal Palace,Stuart Attwell,33,1
1554642300,Apr 07 2019 - 1:05pm,complete,39400,Everton,Arsenal,Kevin Friend,33,1
1554750000,Apr 08 2019 - 7:00pm,complete,40537,Chelsea,West Ham United,Chris Kavanagh,33,2
1555095600,Apr 12 2019 - 7:00pm,complete,32108,Leicester City,Newcastle United,Chris Kavanagh,34,1
1555155000,Apr 13 2019 - 11:30am,complete,58308,Tottenham Hotspur,Huddersfield Town,Lee Mason,34,4
1555164000,Apr 13 2019 - 2:00pm,complete,30460,Brighton & Hove Albion,AFC Bournemouth,Kevin Friend,34,5
1555164000,Apr 13 2019 - 2:00pm,complete,21480,Burnley,Cardiff City,Mike Dean,34,2
1555164000,Apr 13 2019 - 2:00pm,complete,24971,Fulham,Everton,Lee Probert,34,2
1555164000,Apr 13 2019 - 2:00pm,complete,31708,Southampton,Wolverhampton Wanderers,Jonathan Moss,34,4
1555173000,Apr 13 2019 - 4:30pm,complete,74478,Manchester United,West Ham United,Graham Scott,34,3
1555247100,Apr 14 2019 - 1:05pm,complete,25721,Crystal Palace,Manchester City,Martin Atkinson,34,4
1555255800,Apr 14 2019 - 3:30pm,complete,53279,Liverpool,Chelsea,Michael Oliver,34,2
1555354800,Apr 15 2019 - 7:00pm,complete,20480,Watford,Arsenal,Craig Pawson,34,1
1555440300,Apr 16 2019 - 6:45pm,complete,30226,Brighton & Hove Albion,Cardiff City,Andre Marriner,31,2
1555759800,Apr 20 2019 - 11:30am,complete,54489,Manchester City,Tottenham Hotspur,Michael Oliver,35,1
1555768800,Apr 20 2019 - 2:00pm,complete,10511,AFC Bournemouth,Fulham,David Coote,35,1
1555768800,Apr 20 2019 - 2:00pm,complete,23957,Huddersfield Town,Watford,Roger East,35,3
1555768800,Apr 20 2019 - 2:00pm,complete,59960,West Ham United,Leicester City,Lee Probert,35,4
1555768800,Apr 20 2019 - 2:00pm,complete,31096,Wolverhampton Wanderers,Brighton & Hove Albion,Craig Pawson,35,0
1555777800,Apr 20 2019 - 4:30pm,complete,52191,Newcastle United,Southampton,Anthony Taylor,35,4
1555849800,Apr 21 2019 - 12:30pm,complete,39395,Everton,Manchester United,Paul Tierney,35,4
1555858800,Apr 21 2019 - 3:00pm,complete,59929,Arsenal,Crystal Palace,Jonathan Moss,35,5
1555858800,Apr 21 2019 - 3:00pm,complete,33082,Cardiff City,Liverpool,Martin Atkinson,35,2
1555959600,Apr 22 2019 - 7:00pm,complete,40642,Chelsea,Burnley,Kevin Friend,35,4
1556045100,Apr 23 2019 - 6:45pm,complete,19170,Watford,Southampton,Mike Dean,31,2
1556045100,Apr 23 2019 - 6:45pm,complete,56251,Tottenham Hotspur,Brighton & Hove Albion,Chris Kavanagh,33,1
1556131500,Apr 24 2019 - 6:45pm,complete,31436,Wolverhampton Wanderers,Arsenal,Stuart Attwell,31,4
1556132400,Apr 24 2019 - 7:00pm,complete,74431,Manchester United,Manchester City,Andre Marriner,31,2
1556305200,Apr 26 2019 - 7:00pm,complete,53249,Liverpool,Huddersfield Town,Kevin Friend,36,5
1556364600,Apr 27 2019 - 11:30am,complete,60043,Tottenham Hotspur,West Ham United,Anthony Taylor,36,1
1556373600,Apr 27 2019 - 2:00pm,complete,25789,Crystal Palace,Everton,Lee Mason,36,0
1556373600,Apr 27 2019 - 2:00pm,complete,23822,Fulham,Cardiff City,Chris Kavanagh,36,1
1556373600,Apr 27 2019 - 2:00pm,complete,31310,Southampton,AFC Bournemouth,Graham Scott,36,6
1556373600,Apr 27 2019 - 2:00pm,complete,20323,Watford,Wolverhampton Wanderers,Simon Hooper,36,3
1556382600,Apr 27 2019 - 4:30pm,complete,30587,Brighton & Hove Albion,Newcastle United,Mike Dean,36,2
1556449200,Apr 28 2019 - 11:00am,complete,32037,Leicester City,Arsenal,Michael Oliver,36,3
1556456700,Apr 28 2019 - 1:05pm,complete,21605,Burnley,Manchester City,Paul Tierney,36,1
1556465400,Apr 28 2019 - 3:30pm,complete,74526,Manchester United,Chelsea,Martin Atkinson,36,2
1556910000,May 03 2019 - 7:00pm,complete,39303,Everton,Burnley,Chris Kavanagh,37,2
1556969400,May 04 2019 - 11:30am,complete,10630,AFC Bournemouth,Tottenham Hotspur,Craig Pawson,37,1
1556978400,May 04 2019 - 2:00pm,complete,59961,West Ham United,Southampton,Stuart Attwell,37,3
1556978400,May 04 2019 - 2:00pm,complete,30456,Wolverhampton Wanderers,Fulham,Jonathan Moss,37,1
1556987400,May 04 2019 - 4:30pm,complete,32133,Cardiff City,Crystal Palace,Michael Oliver,37,5
1556995500,May 04 2019 - 6:45pm,complete,52206,Newcastle United,Liverpool,Andre Marriner,37,5
1557061200,May 05 2019 - 1:00pm,complete,40650,Chelsea,Watford,Paul Tierney,37,3
1557061200,May 05 2019 - 1:00pm,complete,24263,Huddersfield Town,Manchester United,Lee Mason,37,2
1557070200,May 05 2019 - 3:30pm,complete,59965,Arsenal,Brighton & Hove Albion,Anthony Taylor,37,2
1557169200,May 06 2019 - 7:00pm,complete,54506,Manchester City,Leicester City,Mike Dean,37,1
1557669600,May 12 2019 - 2:00pm,complete,30662,Brighton & Hove Albion,Manchester City,Michael Oliver,38,5
1557669600,May 12 2019 - 2:00pm,complete,21461,Burnley,Arsenal,Mike Dean,38,4
1557669600,May 12 2019 - 2:00pm,complete,25433,Crystal Palace,AFC Bournemouth,Roger East,38,8
1557669600,May 12 2019 - 2:00pm,complete,24979,Fulham,Newcastle United,Kevin Friend,38,4
1557669600,May 12 2019 - 2:00pm,complete,32140,Leicester City,Chelsea,Anthony Taylor,38,0
1557669600,May 12 2019 - 2:00pm,complete,53331,Liverpool,Wolverhampton Wanderers,Martin Atkinson,38,2
1557669600,May 12 2019 - 2:00pm,complete,74457,Manchester United,Cardiff City,Jonathan Moss,38,2
1557669600,May 12 2019 - 2:00pm,complete,30367,Southampton,Huddersfield Town,Lee Probert,38,2
1557669600,May 12 2019 - 2:00pm,complete,60124,Tottenham Hotspur,Everton,Andre Marriner,38,4
1557669600,May 12 2019 - 2:00pm,complete,20067,Watford,West Ham United,Chris Kavanagh,38,5
