full_name,age,league,season,position,Current_Club,minutes_played_overall,nationality,appearances_overall,goals_overall,assists_overall
Aaron Cresswell,31,Premier League,2018/2019,Defender,West Ham United,1589,England,20,0,1
Aaron Lennon,33,Premier League,2018/2019,Midfielder,Burnley,1217,England,16,1,1
Aaron Mooy,30,Premier League,2018/2019,Midfielder,Huddersfield Town,2327,Australia,29,3,1
Aaron Ramsey,30,Premier League,2018/2019,Midfielder,Arsenal,1327,Wales,28,4,6
Aaron Rowe,20,Premier League,2018/2019,Forward,Huddersfield Town,69,England,2,0,0
Aaron Wan-Bissaka,23,Premier League,2018/2019,Midfielder,Crystal Palace,3135,England,35,0,3
Abdelhamid Sabiri,24,Premier League,2018/2019,Midfielder,Huddersfield Town,49,Morocco,2,0,0
Abdoulaye Doucouré,28,Premier League,2018/2019,Midfielder,Watford,3062,France,35,5,6
Aboubakar Kamara,26,Premier League,2018/2019,Forward,Fulham,687,France,13,3,0
Adalberto Peñaranda Maestre,23,Premier League,2018/2019,Forward,Watford,0,Venezuela,0,0,0
Adam David Lallana,32,Premier League,2018/2019,Midfielder,Liverpool,465,England,13,0,0
Adam Masina,27,Premier League,2018/2019,Defender,Watford,1003,Italy,14,0,1
Adam Smith,29,Premier League,2018/2019,Defender,AFC Bournemouth,2073,England,25,1,1
Adama Diakhaby,24,Premier League,2018/2019,Forward,Huddersfield Town,551,France,12,0,0
Adama Traoré Diarra,25,Premier League,2018/2019,Midfielder,Wolverhampton Wanderers,890,Spain,29,1,1
Ademola Lookman,23,Premier League,2018/2019,Forward,Everton,601,England,21,0,2
Adrian Mariappa,34,Premier League,2018/2019,Defender,Watford,1921,Jamaica,26,0,0
Adrián San Miguel del Castillo,34,Premier League,2018/2019,Goalkeeper,West Ham United,0,Spain,0,0,0
Adrien Sebastian Perruchet Silva,32,Premier League,2018/2019,Midfielder,Leicester City,88,Portugal,2,0,0
Ainsley Maitland-Niles,23,Premier League,2018/2019,Midfielder,Arsenal,985,England,16,1,1
Alberto Moreno,28,Premier League,2018/2019,Defender,Liverpool,155,Spain,2,0,0
Aleksandar Mitrović,26,Premier League,2018/2019,Forward,Fulham,3282,Serbia,37,11,3
Alex Iwobi,24,Premier League,2018/2019,Forward,Arsenal,1972,Nigeria,35,3,6
Alex McCarthy,31,Premier League,2018/2019,Goalkeeper,Southampton,2250,England,25,0,0
Alex Oxlade-Chamberlain,27,Premier League,2018/2019,Midfielder,Liverpool,19,England,2,0,0
Alex Pritchard,27,Premier League,2018/2019,Midfielder,Huddersfield Town,2092,England,30,2,0
Alex Smithies,31,Premier League,2018/2019,Goalkeeper,Cardiff City,0,England,0,0,0
Alexander Sørloth,25,Premier League,2018/2019,Forward,Crystal Palace,173,Norway,12,0,0
Alexandre Lacazette,29,Premier League,2018/2019,Forward,Arsenal,2503,France,35,13,8
Alexandre Nascimento Costa Silva,24,Premier League,2018/2019,Forward,West Ham United,17,Portugal,1,0,0
Alexis Sanchez,32,Premier League,2018/2019,Forward,Manchester United,877,Chile,20,1,3
Alfie Jones,23,Premier League,2018/2019,Defender,Southampton,0,England,0,0,0
Alfie Mawson,27,Premier League,2018/2019,Defender,Fulham,1131,England,15,0,0
Alfie Whiteman,22,Premier League,2018/2019,Goalkeeper,Tottenham Hotspur,0,England,0,0,0
Ali Koiki,20,Premier League,2018/2019,Defender,Burnley,0,England,0,0,0
Alireza Jahanbakhsh,27,Premier League,2018/2019,Forward,Brighton & Hove Albion,1022,Iran,19,0,0
Alisson Becker,28,Premier League,2018/2019,Goalkeeper,Liverpool,3420,Brazil,38,0,0
Alvaro Morata,28,Premier League,2018/2019,Forward,Chelsea,943,Spain,16,5,0
Ander Herrera,31,Premier League,2018/2019,Midfielder,Manchester United,1404,Spain,22,2,3
André Filipe Tavares Gomes,27,Premier League,2018/2019,Midfielder,Everton,1986,Portugal,27,1,1
Andre Gray,29,Premier League,2018/2019,Forward,Watford,1358,England,29,7,2
André Schürrle,30,Premier League,2018/2019,Midfielder,Fulham,1650,Germany,24,6,0
André-Frank Zambo Anguissa,25,Premier League,2018/2019,Midfielder,Fulham,1518,Cameroon,22,0,0
Andreas Christensen,24,Premier League,2018/2019,Defender,Chelsea,615,Denmark,8,0,0
Andreas Pereira,25,Premier League,2018/2019,Midfielder,Manchester United,595,Brazil,15,1,1
Andrew Robertson,27,Premier League,2018/2019,Defender,Liverpool,3219,Scotland,36,0,11
Andrew Surman,34,Premier League,2018/2019,Midfielder,AFC Bournemouth,1438,England,18,0,0
Andriy Yarmolenko,31,Premier League,2018/2019,Forward,West Ham United,459,Ukraine,9,2,0
Andros Townsend,29,Premier League,2018/2019,Midfielder,Crystal Palace,3018,England,38,6,4
Andy Carroll,32,Premier League,2018/2019,Forward,West Ham United,454,England,12,0,0
Angel Gomes,20,Premier League,2018/2019,Midfielder,Manchester United,25,England,2,0,0
Angelo Ogbonna,32,Premier League,2018/2019,Defender,West Ham United,1870,Italy,24,1,1
Angus Gunn,25,Premier League,2018/2019,Goalkeeper,Southampton,1080,England,12,0,0
Anthony Driscoll-Glennon,21,Premier League,2018/2019,Defender,Burnley,0,England,0,0,0
Anthony Knockaert,29,Premier League,2018/2019,Midfielder,Brighton & Hove Albion,1832,France,30,2,6
Anthony Martial,25,Premier League,2018/2019,Forward,Manchester United,1623,France,27,10,2
Antonio Barreca,26,Premier League,2018/2019,Defender,Newcastle United,4,Italy,1,0,0
Antonio Rüdiger,28,Premier League,2018/2019,Defender,Chelsea,2874,Germany,33,1,0
Antonio Valencia,35,Premier League,2018/2019,Defender,Manchester United,466,Ecuador,6,0,0
Arijanet Muric,22,Premier League,2018/2019,Goalkeeper,Manchester City,0,Montenegro,0,0,0
Aron Einar Gunnarsson,31,Premier League,2018/2019,Midfielder,Cardiff City,2274,Iceland,28,1,1
Arthur Masuaku,27,Premier League,2018/2019,Defender,West Ham United,1756,France,23,0,1
Artur Boruc,41,Premier League,2018/2019,Goalkeeper,AFC Bournemouth,1080,Poland,12,0,0
Ashley Barnes,31,Premier League,2018/2019,Forward,Burnley,2400,England,37,12,2
Ashley Westwood,31,Premier League,2018/2019,Midfielder,Burnley,2822,England,34,2,7
Ashley Young,35,Premier League,2018/2019,Midfielder,Manchester United,2568,England,30,2,2
Asmir Begović,33,Premier League,2018/2019,Goalkeeper,AFC Bournemouth,2160,Bosnia and Herzegovina,24,0,0
Aymeric Laporte,26,Premier League,2018/2019,Defender,Manchester City,3057,France,35,3,3
Ayoze Perez,27,Premier League,2018/2019,Forward,Newcastle United,2929,Spain,37,12,2
Bakary Sako,32,Premier League,2018/2019,Midfielder,Crystal Palace,25,Mali,4,0,0
Bakayo Sako,0,Premier League,2018/2019,Midfielder,Arsenal,7,England,1,0,0
Ben Chilwell,24,Premier League,2018/2019,Defender,Leicester City,3240,England,36,0,4
Ben Davies,27,Premier League,2018/2019,Defender,Tottenham Hotspur,1839,Wales,27,0,0
Ben Foster,37,Premier League,2018/2019,Goalkeeper,Watford,3420,England,38,0,0
Ben Gibson,28,Premier League,2018/2019,Defender,Burnley,63,England,1,1,0
Ben Hamer,33,Premier League,2018/2019,Goalkeeper,Huddersfield Town,553,England,7,0,0
Ben Mee,31,Premier League,2018/2019,Defender,Burnley,3420,England,38,0,2
Ben White,23,Premier League,2018/2019,Defender,Brighton & Hove Albion,0,England,0,0,0
Ben Wilmot,21,Premier League,2018/2019,Defender,Watford,26,England,2,0,0
Benjamin Johnson,21,Premier League,2018/2019,Forward,West Ham United,63,England,1,0,0
Benjamin Mendy,26,Premier League,2018/2019,Defender,Manchester City,900,France,10,0,5
Beram Kayal,32,Premier League,2018/2019,Midfielder,Brighton & Hove Albion,934,Israel,18,1,1
Bernard Anício Caldeira Duarte,28,Premier League,2018/2019,Midfielder,Everton,2128,Brazil,34,1,3
Bernardo,25,Premier League,2018/2019,Defender,Brighton & Hove Albion,1750,Brazil,22,0,1
Bernardo Silva,26,Premier League,2018/2019,Midfielder,Manchester City,2853,Portugal,36,7,7
Bernd Leno,29,Premier League,2018/2019,Goalkeeper,Arsenal,2835,Germany,32,0,0
Bobby Reid,28,Premier League,2018/2019,Midfielder,Cardiff City,1422,England,27,5,2
Brian Murphy,37,Premier League,2018/2019,Goalkeeper,Cardiff City,0,Republic of Ireland,0,0,0
Bright Enobakhare,23,Premier League,2018/2019,Forward,Wolverhampton Wanderers,0,England,0,0,0
Bruno Écuélé Manga,32,Premier League,2018/2019,Defender,Cardiff City,3375,Gabon,38,0,1
Bruno Saltor Grau,40,Premier League,2018/2019,Defender,Brighton & Hove Albion,1136,Spain,14,0,1
Caglar Söyüncü,24,Premier League,2018/2019,Defender,Leicester City,371,Turkey,6,0,0
Callum Hudson-Odoi,20,Premier League,2018/2019,Midfielder,Chelsea,391,England,10,0,1
Callum Paterson,26,Premier League,2018/2019,Defender,Cardiff City,1996,Scotland,27,4,1
Callum Roberts,23,Premier League,2018/2019,Forward,Newcastle United,0,England,0,0,0
Callum Slattery,22,Premier League,2018/2019,Midfielder,Southampton,110,England,3,0,0
Callum Wilson,29,Premier League,2018/2019,Forward,AFC Bournemouth,2535,England,30,14,9
Calum Chambers,26,Premier League,2018/2019,Defender,Fulham,2587,England,31,2,0
Cameron John,21,Premier League,2018/2019,Defender,Wolverhampton Wanderers,0,England,0,0,0
Carl Jenkinson,29,Premier League,2018/2019,Defender,Arsenal,166,England,3,0,0
Carlos Sánchez,35,Premier League,2018/2019,Midfielder,West Ham United,240,Colombia,7,0,0
Cedric Soares,29,Premier League,2018/2019,Defender,Southampton,1494,Portugal,18,1,2
Cenk Tosun,29,Premier League,2018/2019,Forward,Everton,1050,Turkey,25,3,3
Cesar Azpilicueta,31,Premier League,2018/2019,Defender,Chelsea,3403,Spain,38,1,5
Cesc Fabregas,33,Premier League,2018/2019,Midfielder,Chelsea,175,Spain,6,0,0
Charlie Austin,31,Premier League,2018/2019,Forward,Southampton,980,England,25,2,2
Charlie Daniels,34,Premier League,2018/2019,Defender,AFC Bournemouth,1583,England,21,1,0
Charlie Taylor,27,Premier League,2018/2019,Defender,Burnley,3240,England,38,0,1
Cheikhou Kouyaté,31,Premier League,2018/2019,Midfielder,Crystal Palace,1897,Senegal,31,0,2
Chris Löwe,31,Premier League,2018/2019,Defender,Huddersfield Town,2056,Germany,29,0,2
Chris Mepham,23,Premier League,2018/2019,Defender,AFC Bournemouth,849,Wales,13,0,1
Chris Smalling,31,Premier League,2018/2019,Defender,Manchester United,2128,England,24,1,0
Chris Wood,29,Premier League,2018/2019,Forward,Burnley,2582,New Zealand,38,10,2
Christian Atsu Twasam,29,Premier League,2018/2019,Midfielder,Newcastle United,1487,Ghana,28,1,0
Christian Benteke,30,Premier League,2018/2019,Forward,Crystal Palace,813,Belgium,16,1,1
Christian Eriksen,29,Premier League,2018/2019,Midfielder,Tottenham Hotspur,2772,Denmark,35,8,12
Christian Fuchs,34,Premier League,2018/2019,Defender,Leicester City,206,Austria,3,0,0
Christian Kabasele,30,Premier League,2018/2019,Defender,Watford,1587,Belgium,21,0,0
Christopher Schindler,30,Premier League,2018/2019,Defender,Huddersfield Town,3262,Germany,37,1,0
Ciaran Clark,31,Premier League,2018/2019,Defender,Newcastle United,857,Republic of Ireland,11,3,0
Claudio Andrés Bravo Muñoz,37,Premier League,2018/2019,Goalkeeper,Manchester City,0,Chile,0,0,0
Collin Quaner,29,Premier League,2018/2019,Forward,Huddersfield Town,37,Germany,2,0,0
Connor Wickham,28,Premier League,2018/2019,Forward,Crystal Palace,61,England,6,0,1
Conor Coady,28,Premier League,2018/2019,Midfielder,Wolverhampton Wanderers,3420,England,38,0,0
Conor Coventry,21,Premier League,2018/2019,Midfielder,West Ham United,0,Republic of Ireland,0,0,0
Craig Cathcart,32,Premier League,2018/2019,Defender,Watford,3099,Northern Ireland,36,3,0
Curtis Jones,20,Premier League,2018/2019,Midfielder,Liverpool,0,England,0,0,0
Cyrus Christie,28,Premier League,2018/2019,Defender,Fulham,1943,Republic of Ireland,28,0,1
Dale Stephens,31,Premier League,2018/2019,Midfielder,Brighton & Hove Albion,2487,England,30,1,1
Damián Emiliano Martínez,28,Premier League,2018/2019,Goalkeeper,Arsenal,0,Argentina,0,0,0
Dan Burn,28,Premier League,2018/2019,Defender,Brighton & Hove Albion,0,England,0,0,0
Dan Gosling,31,Premier League,2018/2019,Midfielder,AFC Bournemouth,1737,England,25,2,1
Daniel Amartey,26,Premier League,2018/2019,Midfielder,Leicester City,640,Ghana,9,0,0
Daniel Sturridge,31,Premier League,2018/2019,Forward,Liverpool,496,England,18,2,1
Daniel William John Ings,28,Premier League,2018/2019,Forward,Southampton,1668,England,24,7,3
Daniel Williams,32,Premier League,2018/2019,Midfielder,Huddersfield Town,93,USA,5,0,0
Danilo,29,Premier League,2018/2019,Defender,Manchester City,806,Brazil,11,1,0
Danny Drinkwater,31,Premier League,2018/2019,Midfielder,Chelsea,0,England,0,0,0
Danny Rose,30,Premier League,2018/2019,Defender,Tottenham Hotspur,1806,England,26,0,3
Danny Simpson,34,Premier League,2018/2019,Defender,Leicester City,291,England,6,0,0
Danny Ward,27,Premier League,2018/2019,Goalkeeper,Leicester City,0,Wales,0,0,0
Danny Ward,30,Premier League,2018/2019,Forward,Cardiff City,440,England,14,1,0
Danny Welbeck,30,Premier League,2018/2019,Forward,Arsenal,147,England,8,1,1
Daryl Janmaat,31,Premier League,2018/2019,Defender,Watford,1521,Netherlands,18,0,2
David Brooks,23,Premier League,2018/2019,Forward,AFC Bournemouth,2278,England,30,7,5
David Button,32,Premier League,2018/2019,Goalkeeper,Brighton & Hove Albion,360,England,4,0,0
David de Gea,30,Premier League,2018/2019,Goalkeeper,Manchester United,3420,Spain,38,0,0
David Junior Hoilett,30,Premier League,2018/2019,Forward,Cardiff City,2142,Canada,32,3,1
David Luiz,33,Premier League,2018/2019,Defender,Chelsea,3239,Brazil,36,3,2
David Silva,35,Premier League,2018/2019,Midfielder,Manchester City,2411,Spain,33,6,8
Davide Zappacosta,28,Premier League,2018/2019,Defender,Chelsea,125,Italy,4,0,0
Davinson Sánchez Mina,24,Premier League,2018/2019,Defender,Tottenham Hotspur,1943,Colombia,23,1,1
Davy Pröpper,29,Premier League,2018/2019,Midfielder,Brighton & Hove Albion,2551,Netherlands,30,1,1
DeAndre Yedlin,27,Premier League,2018/2019,Defender,Newcastle United,2475,USA,29,1,2
Declan Rice,22,Premier League,2018/2019,Midfielder,West Ham United,3005,Republic of Ireland,34,2,0
Dejan Lovren,31,Premier League,2018/2019,Defender,Liverpool,985,Croatia,13,1,0
Dele Alli,24,Premier League,2018/2019,Midfielder,Tottenham Hotspur,1827,England,25,5,3
Demarai Gray,24,Premier League,2018/2019,Midfielder,Leicester City,1992,England,34,4,1
Demeaco Duhaney,22,Premier League,2018/2019,Defender,Huddersfield Town,46,England,1,0,0
Denis Odoi,32,Premier League,2018/2019,Defender,Fulham,2593,Belgium,31,0,1
Denis Suárez,27,Premier League,2018/2019,Midfielder,Arsenal,67,Spain,4,0,0
Diego Rico,28,Premier League,2018/2019,Defender,AFC Bournemouth,607,Spain,12,0,0
Diogo José Teixeira da Silva,24,Premier League,2018/2019,Midfielder,Wolverhampton Wanderers,2371,Portugal,33,9,5
Divock Origi,25,Premier League,2018/2019,Forward,Liverpool,366,Belgium,12,3,1
Domingos Quina,21,Premier League,2018/2019,Midfielder,Watford,335,Portugal,8,1,0
Dominic Calvert-Lewin,24,Premier League,2018/2019,Forward,Everton,1774,England,35,6,2
Dominic Solanke,23,Premier League,2018/2019,Forward,AFC Bournemouth,341,England,10,0,1
Dwight McNeil,21,Premier League,2018/2019,Forward,Burnley,1599,England,21,3,5
Eden Hazard,30,Premier League,2018/2019,Midfielder,Chelsea,2926,Belgium,37,16,15
Ederson,27,Premier League,2018/2019,Goalkeeper,Manchester City,3420,Brazil,38,0,1
Edward Nketiah,21,Premier League,2018/2019,Forward,Arsenal,62,England,5,1,0
Elias Kachunga,28,Premier League,2018/2019,Forward,Huddersfield Town,1181,Congo DR,20,0,0
Emerson Hyndman,25,Premier League,2018/2019,Midfielder,AFC Bournemouth,37,USA,1,0,0
Emerson Palmieri dos Santos,26,Premier League,2018/2019,Defender,Chelsea,660,Italy,10,0,0
Emile Smith Rowe,20,Premier League,2018/2019,Midfielder,Arsenal,0,England,0,0,0
Eric Bertrand Bailly,26,Premier League,2018/2019,Defender,Manchester United,637,Côte d'Ivoire,12,0,0
Eric Dier,27,Premier League,2018/2019,Midfielder,Tottenham Hotspur,1510,England,20,3,0
Erik Durm,28,Premier League,2018/2019,Defender,Huddersfield Town,2052,Germany,28,0,1
Erik Lamela,29,Premier League,2018/2019,Midfielder,Tottenham Hotspur,971,Argentina,19,4,2
Ethan Ampadu,20,Premier League,2018/2019,Midfielder,Chelsea,0,Wales,0,0,0
Etienne Capoue,32,Premier League,2018/2019,Midfielder,Watford,2947,France,33,1,3
Fabián Cornelio Balbuena González,29,Premier League,2018/2019,Defender,West Ham United,2014,Paraguay,23,1,0
Fabian Delph,31,Premier League,2018/2019,Midfielder,Manchester City,725,England,11,0,1
Fabian Schär,29,Premier League,2018/2019,Defender,Newcastle United,2002,Switzerland,24,4,1
Fabinho,27,Premier League,2018/2019,Midfielder,Liverpool,2013,Brazil,28,1,2
Fabricio Martín Agosto Ramírez,33,Premier League,2018/2019,Goalkeeper,Fulham,180,Spain,2,0,0
Faustino Marcos Alberto Rojo,31,Premier League,2018/2019,Defender,Manchester United,211,Argentina,5,0,0
Federico Fernández,32,Premier League,2018/2019,Defender,Newcastle United,1484,Argentina,19,0,1
Felipe Anderson Pereira Gomes,27,Premier League,2018/2019,Midfielder,West Ham United,3054,Brazil,36,9,4
Fernando Llorente Torres,36,Premier League,2018/2019,Forward,Tottenham Hotspur,683,Spain,20,1,4
Fernando Luiz Rosa,35,Premier League,2018/2019,Midfielder,Manchester City,2381,Brazil,29,1,3
Florent Hadergjonaj,26,Premier League,2018/2019,Defender,Huddersfield Town,1840,Switzerland,24,0,0
Florian Lejeune,29,Premier League,2018/2019,Defender,Newcastle United,1055,France,12,0,0
Florin Andone,27,Premier League,2018/2019,Forward,Brighton & Hove Albion,874,Romania,23,3,0
Floyd Ayité,32,Premier League,2018/2019,Midfielder,Fulham,465,Togo,16,1,0
Fousseni Diabaté,25,Premier League,2018/2019,Midfielder,Leicester City,55,Mali,1,0,0
Francisco Femenía Far,30,Premier League,2018/2019,Midfielder,Watford,2045,Spain,29,1,1
Fraser Forster,33,Premier League,2018/2019,Goalkeeper,Southampton,90,England,1,0,0
Freddie Woodman,24,Premier League,2018/2019,Goalkeeper,Newcastle United,0,England,0,0,0
Frederico Rodrigues Santos,28,Premier League,2018/2019,Midfielder,Manchester United,1045,Brazil,17,1,1
Gabriel Jesus,24,Premier League,2018/2019,Forward,Manchester City,1019,Brazil,29,7,3
Gaëtan Bong Songo,32,Premier League,2018/2019,Defender,Brighton & Hove Albion,1805,Cameroon,22,0,0
Gary Cahill,35,Premier League,2018/2019,Defender,Chelsea,22,England,2,0,0
Gary Madine,30,Premier League,2018/2019,Forward,Cardiff City,32,England,5,0,0
George Marsh,22,Premier League,2018/2019,Midfielder,Tottenham Hotspur,0,England,0,0,0
Georges-Kevin N'Koudou Mbida,26,Premier League,2018/2019,Forward,Tottenham Hotspur,4,France,1,0,1
Georginio Wijnaldum,30,Premier League,2018/2019,Midfielder,Liverpool,2735,Netherlands,35,3,0
Gerard Deulofeu,27,Premier League,2018/2019,Forward,Watford,2082,Spain,30,10,5
Glenn Murray,37,Premier League,2018/2019,Forward,Brighton & Hove Albion,2513,England,38,13,1
Gonzalo Higuain,33,Premier League,2018/2019,Forward,Chelsea,1092,Argentina,14,5,0
Grady Diangana,22,Premier League,2018/2019,Midfielder,West Ham United,604,England,17,0,1
Granit Xhaka,28,Premier League,2018/2019,Midfielder,Arsenal,2502,Switzerland,29,4,2
Greg Cunningham,30,Premier League,2018/2019,Defender,Cardiff City,630,Republic of Ireland,7,0,0
Gylfi Sigurdsson,31,Premier League,2018/2019,Midfielder,Everton,3134,Iceland,38,13,6
Hamza Choudhury,23,Premier League,2018/2019,Midfielder,Leicester City,596,England,9,0,0
Harry Arter,31,Premier League,2018/2019,Midfielder,Cardiff City,2008,Republic of Ireland,25,0,1
Harry Kane,27,Premier League,2018/2019,Forward,Tottenham Hotspur,2427,England,28,17,4
Harry Maguire,28,Premier League,2018/2019,Defender,Leicester City,2599,England,31,3,0
Harry Winks,25,Premier League,2018/2019,Midfielder,Tottenham Hotspur,1591,England,26,1,0
Harvey Elliot,0,Premier League,2018/2019,Forward,Fulham,18,England,2,0,0
Harvey Lewis Barnes,23,Premier League,2018/2019,Midfielder,Leicester City,1007,England,16,1,2
Håvard Nordtveit,30,Premier League,2018/2019,Midfielder,Fulham,361,Norway,5,0,1
Hector Bellerin,26,Premier League,2018/2019,Defender,Arsenal,1535,Spain,19,0,5
Hélder Wander Sousa Azevedo Costa,27,Premier League,2018/2019,Midfielder,Wolverhampton Wanderers,1345,Portugal,25,1,2
Henrikh Mkhitaryan,32,Premier League,2018/2019,Midfielder,Arsenal,1643,Armenia,25,6,4
Heung-Min Son,28,Premier League,2018/2019,Forward,Tottenham Hotspur,2048,South Korea,31,12,6
Heurelho da Silva Gomes,40,Premier League,2018/2019,Goalkeeper,Watford,0,Brazil,0,0,0
Hugo Lloris,34,Premier League,2018/2019,Goalkeeper,Tottenham Hotspur,2970,France,33,0,0
Ibrahima Cissé,27,Premier League,2018/2019,Midfielder,Fulham,87,Belgium,3,0,0
Idrissa Gana Gueye,31,Premier League,2018/2019,Midfielder,Everton,2825,Senegal,33,0,2
İlkay Gündoğan,30,Premier League,2018/2019,Midfielder,Manchester City,2135,Germany,31,6,3
Isaac Ajayi Success,25,Premier League,2018/2019,Forward,Watford,1037,Nigeria,30,1,1
Isaac Hayden,26,Premier League,2018/2019,Midfielder,Newcastle United,1886,England,25,1,4
Isaac Mbenza,25,Premier League,2018/2019,Forward,Huddersfield Town,981,Belgium,22,1,1
Issa Diop,24,Premier League,2018/2019,Defender,West Ham United,2970,France,33,1,0
Ivan Ricardo Neves Abreu Cavaleiro,27,Premier League,2018/2019,Forward,Wolverhampton Wanderers,683,Portugal,23,3,1
Jack Cork,31,Premier League,2018/2019,Midfielder,Burnley,3313,England,37,1,2
Jack Simpson,24,Premier League,2018/2019,Defender,AFC Bournemouth,403,England,6,0,0
Jack Stephens,27,Premier League,2018/2019,Defender,Southampton,1697,England,24,1,0
Jack Wilshere,29,Premier League,2018/2019,Midfielder,West Ham United,389,England,8,0,1
Jacob Murphy,26,Premier League,2018/2019,Midfielder,Newcastle United,300,England,9,0,1
Jaïro Riedewald,24,Premier League,2018/2019,Defender,Crystal Palace,0,Netherlands,0,0,0
Jamal Lascelles,27,Premier League,2018/2019,Defender,Newcastle United,2748,England,32,0,1
James Garner,20,Premier League,2018/2019,Defender,Manchester United,0,England,1,0,0
James Maddison,24,Premier League,2018/2019,Midfielder,Leicester City,2850,England,36,7,7
James McArthur,33,Premier League,2018/2019,Midfielder,Crystal Palace,3071,Scotland,38,3,6
James McCarthy,30,Premier League,2018/2019,Midfielder,Everton,14,Republic of Ireland,1,0,0
James Milner,35,Premier League,2018/2019,Midfielder,Liverpool,1785,England,31,5,4
James Tarkowski,28,Premier League,2018/2019,Defender,Burnley,3087,England,35,3,1
James Tomkins,32,Premier League,2018/2019,Defender,Crystal Palace,2563,England,29,1,1
James Ward-Prowse,26,Premier League,2018/2019,Midfielder,Southampton,1942,England,26,7,0
Jamie Sterry,25,Premier League,2018/2019,Defender,Newcastle United,0,England,0,0,0
Jamie Vardy,34,Premier League,2018/2019,Forward,Leicester City,2735,England,34,18,4
Jan Bednarek,24,Premier League,2018/2019,Defender,Southampton,2151,Poland,25,0,1
Jan Vertonghen,33,Premier League,2018/2019,Defender,Tottenham Hotspur,1915,Belgium,22,1,0
Jannik Vestergaard,28,Premier League,2018/2019,Defender,Southampton,2030,Denmark,23,0,0
Jason Puncheon,34,Premier League,2018/2019,Midfielder,Huddersfield Town,391,England,11,0,0
Jason Steele,30,Premier League,2018/2019,Goalkeeper,Brighton & Hove Albion,0,England,0,0,0
Javier Hernandez,32,Premier League,2018/2019,Forward,West Ham United,1335,Mexico,25,7,1
Javier Manquillo Gaitán,26,Premier League,2018/2019,Defender,Newcastle United,1097,Spain,18,0,3
Jayson Molumby,21,Premier League,2018/2019,Midfielder,Brighton & Hove Albion,0,Republic of Ireland,0,0,0
Jazz Richards,29,Premier League,2018/2019,Defender,Cardiff City,128,Wales,4,0,0
Jean Michaël Seri,29,Premier League,2018/2019,Midfielder,Fulham,2252,Côte d'Ivoire,32,1,2
Jeff Hendrick,29,Premier League,2018/2019,Midfielder,Burnley,2069,Republic of Ireland,32,3,0
Jefferson Lerma,26,Premier League,2018/2019,Midfielder,AFC Bournemouth,2511,Colombia,30,2,0
Jeffrey Schlupp,28,Premier League,2018/2019,Defender,Crystal Palace,1665,Ghana,30,4,1
Jermain Defoe,38,Premier League,2018/2019,Forward,AFC Bournemouth,21,England,4,0,0
Jesse Lingard,28,Premier League,2018/2019,Midfielder,Manchester United,1668,England,27,4,2
João Moutinho,34,Premier League,2018/2019,Midfielder,Wolverhampton Wanderers,3040,Portugal,38,1,8
Joe Bennett,31,Premier League,2018/2019,Defender,Cardiff City,2641,England,30,0,1
Joe Bryan,27,Premier League,2018/2019,Defender,Fulham,2350,England,28,0,1
Joe Daniel Tupper,23,Premier League,2018/2019,Goalkeeper,Crystal Palace,0,England,0,0,0
Joe Gomez,23,Premier League,2018/2019,Defender,Liverpool,1060,England,16,0,0
Joe Hart,33,Premier League,2018/2019,Goalkeeper,Burnley,1710,England,19,0,0
Joe Powell,22,Premier League,2018/2019,Forward,West Ham United,0,England,0,0,0
Joe Ralls,27,Premier League,2018/2019,Midfielder,Cardiff City,1959,England,28,0,0
Joel Coleman,25,Premier League,2018/2019,Goalkeeper,Huddersfield Town,90,England,1,0,0
Joel Matip,29,Premier League,2018/2019,Defender,Liverpool,1532,Cameroon,22,1,0
Joel Ward,31,Premier League,2018/2019,Defender,Crystal Palace,551,England,7,1,0
Johann Berg Guðmunds­son,30,Premier League,2018/2019,Midfielder,Burnley,1748,Iceland,29,3,6
John Ruddy,34,Premier League,2018/2019,Goalkeeper,Wolverhampton Wanderers,90,England,1,0,0
John Stones,26,Premier League,2018/2019,Defender,Manchester City,1762,England,24,0,0
Jon Gorenc Stankovič,25,Premier League,2018/2019,Defender,Huddersfield Town,718,Slovenia,11,1,0
Jonas Lössl,32,Premier League,2018/2019,Goalkeeper,Huddersfield Town,2777,Denmark,31,0,1
Jonathan Hogg,32,Premier League,2018/2019,Midfielder,Huddersfield Town,2377,England,29,0,1
Jonathan Walters,37,Premier League,2018/2019,Forward,Burnley,0,Republic of Ireland,0,0,0
Jonjo Shelvey,29,Premier League,2018/2019,Midfielder,Newcastle United,944,England,16,1,1
Jonjoe Kenny,24,Premier League,2018/2019,Defender,Everton,790,England,10,0,1
Jonny,27,Premier League,2018/2019,Defender,Wolverhampton Wanderers,2780,Spain,33,1,1
Jonny Evans,33,Premier League,2018/2019,Defender,Leicester City,1995,Northern Ireland,24,1,0
Jordan Ayew,29,Premier League,2018/2019,Forward,Crystal Palace,1186,Ghana,20,1,2
Jordan Henderson,30,Premier League,2018/2019,Midfielder,Liverpool,1983,England,32,1,3
Jordan Pickford,27,Premier League,2018/2019,Goalkeeper,Everton,3420,England,38,0,0
Jordon Ibe,25,Premier League,2018/2019,Midfielder,AFC Bournemouth,795,England,19,1,1
Jorginho,29,Premier League,2018/2019,Midfielder,Chelsea,3165,Italy,37,2,0
José Diogo Dalot Teixeira,22,Premier League,2018/2019,Defender,Manchester United,1015,Portugal,16,0,2
José Holebas,36,Premier League,2018/2019,Defender,Watford,2394,Greece,28,3,6
Jose Izquierdo,28,Premier League,2018/2019,Forward,Brighton & Hove Albion,794,Colombia,15,0,1
José Luis Sanmartín Mato,31,Premier League,2018/2019,Forward,Newcastle United,586,Spain,16,2,0
Joseph Willock,21,Premier League,2018/2019,Midfielder,Arsenal,64,England,2,0,0
Josh Benson,21,Premier League,2018/2019,Midfielder,Burnley,0,England,0,0,0
Josh Knight,23,Premier League,2018/2019,Defender,Leicester City,0,England,0,0,0
Josh Murphy,26,Premier League,2018/2019,Forward,Cardiff City,1825,England,29,3,2
Joshua King,29,Premier League,2018/2019,Forward,AFC Bournemouth,2974,Norway,35,12,3
Joshua Sims,24,Premier League,2018/2019,Midfielder,Southampton,209,England,7,0,1
Juan Marcos Foyth,23,Premier League,2018/2019,Defender,Tottenham Hotspur,930,Argentina,12,1,0
Juan Mata,32,Premier League,2018/2019,Midfielder,Manchester United,1294,Spain,22,3,2
Julián Speroni,41,Premier League,2018/2019,Goalkeeper,Crystal Palace,90,Argentina,1,0,0
Juninho Bacuna,23,Premier League,2018/2019,Midfielder,Huddersfield Town,1414,Netherlands,21,1,0
Junior Stanislas,31,Premier League,2018/2019,Midfielder,AFC Bournemouth,1027,England,23,2,3
Jürgen Locadia,27,Premier League,2018/2019,Forward,Brighton & Hove Albion,1227,Netherlands,26,2,0
Kadeem Harris,27,Premier League,2018/2019,Midfielder,Cardiff City,366,England,13,1,0
Karl Darlow,30,Premier League,2018/2019,Goalkeeper,Newcastle United,0,England,0,0,0
Karlan Ahearne-Grant,23,Premier League,2018/2019,Forward,Huddersfield Town,874,England,13,4,0
Kasper Schmeichel,34,Premier League,2018/2019,Goalkeeper,Leicester City,3420,Denmark,38,0,0
Kayne Ramsey,20,Premier League,2018/2019,Midfielder,Southampton,90,England,1,0,0
Kazaiah Sterling,22,Premier League,2018/2019,Forward,Tottenham Hotspur,0,England,0,0,0
Kelechi Iheanacho,24,Premier League,2018/2019,Forward,Leicester City,926,Nigeria,30,1,3
Kelland Watts,21,Premier League,2018/2019,Midfielder,Newcastle United,0,England,0,0,0
Ken Sema,27,Premier League,2018/2019,Midfielder,Watford,755,Sweden,17,1,2
Kenneth Dahrup Zohorè,27,Premier League,2018/2019,Forward,Cardiff City,746,Denmark,19,1,1
Kepa Arrizabalaga,26,Premier League,2018/2019,Goalkeeper,Chelsea,3240,Spain,36,0,0
Kevin De Bruyne,29,Premier League,2018/2019,Midfielder,Manchester City,974,Belgium,19,2,2
Kevin Long,30,Premier League,2018/2019,Defender,Burnley,513,Republic of Ireland,6,0,1
Kevin McDonald,32,Premier League,2018/2019,Midfielder,Fulham,842,Scotland,15,0,0
Kieran Dowell,23,Premier League,2018/2019,Midfielder,Everton,0,England,0,0,0
Kieran Trippier,30,Premier League,2018/2019,Defender,Tottenham Hotspur,2278,England,27,1,3
Konstantinos Mavropanos,23,Premier League,2018/2019,Defender,Arsenal,150,Greece,4,0,0
Kortney Hause,25,Premier League,2018/2019,Defender,Wolverhampton Wanderers,0,England,0,0,0
Kurt Zouma,26,Premier League,2018/2019,Defender,Everton,2610,France,32,2,2
Kyle Taylor,21,Premier League,2018/2019,Midfielder,AFC Bournemouth,0,England,0,0,0
Kyle Walker,30,Premier League,2018/2019,Defender,Manchester City,2777,England,33,1,1
Kyle Walker-Peters,23,Premier League,2018/2019,Defender,Tottenham Hotspur,374,England,6,0,3
Laurent Depoitre,32,Premier League,2018/2019,Forward,Huddersfield Town,1059,Belgium,23,0,1
Laurent Koscielny,35,Premier League,2018/2019,Defender,Arsenal,1328,France,17,3,0
Lazar Marković,27,Premier League,2018/2019,Midfielder,Fulham,44,Serbia,1,0,0
Leander Dendoncker,25,Premier League,2018/2019,Midfielder,Wolverhampton Wanderers,1469,Belgium,19,2,0
Leandro Bacuna,29,Premier League,2018/2019,Midfielder,Cardiff City,554,Curaçao,11,0,0
Lee Grant,38,Premier League,2018/2019,Goalkeeper,Manchester United,0,England,0,0,0
Lee Peltier,34,Premier League,2018/2019,Defender,Cardiff City,1542,England,20,0,0
Leighton Baines,36,Premier League,2018/2019,Defender,Everton,376,England,6,0,0
Leon Balogun,32,Premier League,2018/2019,Defender,Brighton & Hove Albion,591,Nigeria,8,1,0
Leonardo Bonatini Lohner Maia,27,Premier League,2018/2019,Forward,Wolverhampton Wanderers,128,Brazil,7,0,1
Leroy Sané,25,Premier League,2018/2019,Midfielder,Manchester City,1867,Germany,31,10,10
Lewis Cass,21,Premier League,2018/2019,Defender,Newcastle United,0,England,0,0,0
Lewis Cook,24,Premier League,2018/2019,Midfielder,AFC Bournemouth,721,England,13,0,0
Lewis Dunk,29,Premier League,2018/2019,Defender,Brighton & Hove Albion,3153,England,36,2,1
Loïc Damour,30,Premier League,2018/2019,Midfielder,Cardiff City,21,France,2,0,0
Loris Karius,27,Premier League,2018/2019,Goalkeeper,Liverpool,0,Germany,0,0,0
Luca de la Torre,22,Premier League,2018/2019,Midfielder,Fulham,0,USA,0,0,0
Lucas Digne,27,Premier League,2018/2019,Defender,Everton,2990,France,35,4,4
Lucas Perez,32,Premier League,2018/2019,Forward,West Ham United,468,Spain,15,3,0
Lucas Rodrigues Moura da Silva,28,Premier League,2018/2019,Midfielder,Tottenham Hotspur,2127,Brazil,32,10,0
Lucas Torreira,25,Premier League,2018/2019,Midfielder,Arsenal,2377,Uruguay,34,2,2
Luciano Vietto,27,Premier League,2018/2019,Forward,Fulham,983,Argentina,20,1,4
Luka Milivojević,29,Premier League,2018/2019,Midfielder,Crystal Palace,3420,Serbia,38,12,2
Luke Amos,24,Premier League,2018/2019,Midfielder,Tottenham Hotspur,2,England,1,0,0
Luke Dreher,22,Premier League,2018/2019,Midfielder,Crystal Palace,0,England,1,0,0
Luke Shaw,25,Premier League,2018/2019,Defender,Manchester United,2592,England,29,1,4
Lys Mousset,25,Premier League,2018/2019,Forward,AFC Bournemouth,345,France,24,1,0
Maarten Stekelenburg,38,Premier League,2018/2019,Goalkeeper,Everton,0,Netherlands,0,0,0
Mamadou Sakho,31,Premier League,2018/2019,Defender,Crystal Palace,2417,France,27,0,0
Manolo Gabbiadini,29,Premier League,2018/2019,Forward,Southampton,470,Italy,12,1,0
Manuel Lanzini,28,Premier League,2018/2019,Midfielder,West Ham United,688,Argentina,10,1,1
Marc Albrighton,31,Premier League,2018/2019,Midfielder,Leicester City,1626,England,27,2,2
Marc Guehi,20,Premier League,2018/2019,Defender,Chelsea,0,England,0,0,0
Marc Navarro Ceciliano,25,Premier League,2018/2019,Defender,Watford,84,Spain,2,0,0
Marc Pugh,34,Premier League,2018/2019,Midfielder,AFC Bournemouth,0,England,0,0,0
Marcos Alonso,30,Premier League,2018/2019,Defender,Chelsea,2761,Spain,31,2,4
Marcus Bettinelli,28,Premier League,2018/2019,Goalkeeper,Fulham,630,England,7,0,0
Marcus Rashford,23,Premier League,2018/2019,Forward,Manchester United,2362,England,33,10,6
Mario Lemina,27,Premier League,2018/2019,Midfielder,Southampton,1615,Gabon,21,1,1
Mark Noble,33,Premier League,2018/2019,Midfielder,West Ham United,2308,England,31,5,5
Mark Travers,21,Premier League,2018/2019,Goalkeeper,AFC Bournemouth,180,Republic of Ireland,2,0,0
Marko Arnautović,31,Premier League,2018/2019,Forward,West Ham United,2000,Austria,28,10,4
Markus Suttner,33,Premier League,2018/2019,Defender,Brighton & Hove Albion,0,Austria,0,0,0
Marouane Fellaini,33,Premier League,2018/2019,Midfielder,Manchester United,744,Belgium,14,0,1
Martin Dúbravka,32,Premier League,2018/2019,Goalkeeper,Newcastle United,3420,Slovakia,38,0,0
Martin Kelly,30,Premier League,2018/2019,Defender,Crystal Palace,1110,England,13,0,0
Martín Montoya,29,Premier League,2018/2019,Defender,Brighton & Hove Albion,2166,Spain,25,0,1
Mason Greenwood,19,Premier League,2018/2019,Midfielder,Manchester United,115,England,3,0,0
Mason Holgate,24,Premier League,2018/2019,Defender,Everton,407,England,5,0,0
Matěj Vydra,28,Premier League,2018/2019,Forward,Burnley,311,Czech Republic,13,1,1
Mateo Kovačić,26,Premier League,2018/2019,Midfielder,Chelsea,1743,Croatia,32,0,2
Mathew Ryan,28,Premier League,2018/2019,Goalkeeper,Brighton & Hove Albion,3060,Australia,34,0,0
Mathias Jattah-Njie Jørgensen,30,Premier League,2018/2019,Defender,Huddersfield Town,2148,Denmark,24,3,1
Matt Butcher,23,Premier League,2018/2019,Midfielder,AFC Bournemouth,0,England,0,0,0
Matt Doherty,29,Premier League,2018/2019,Defender,Wolverhampton Wanderers,3147,Republic of Ireland,38,4,5
Matt Ritchie,31,Premier League,2018/2019,Midfielder,Newcastle United,2940,Scotland,36,2,8
Matt Targett,25,Premier League,2018/2019,Defender,Southampton,1185,England,16,1,3
Matteo Darmian,31,Premier League,2018/2019,Defender,Manchester United,443,Italy,6,0,0
Mattéo Guendouzi Olié,21,Premier League,2018/2019,Midfielder,Arsenal,2143,France,33,0,0
Matthew Connolly,33,Premier League,2018/2019,Defender,Cardiff City,0,England,0,0,0
Matthew Lowton,31,Premier League,2018/2019,Defender,Burnley,1748,England,21,0,0
Matty Daly,20,Premier League,2018/2019,Midfielder,Huddersfield Town,73,England,2,0,0
Max Harrison Sanders,22,Premier League,2018/2019,Midfielder,Brighton & Hove Albion,0,England,0,0,0
Max Kilman,23,Premier League,2018/2019,Defender,Wolverhampton Wanderers,0,England,1,0,0
Max Meyer,25,Premier League,2018/2019,Midfielder,Crystal Palace,1414,Germany,29,1,2
Maxime Le Marchand,31,Premier League,2018/2019,Defender,Fulham,2251,France,26,0,1
Maya Yoshida,32,Premier League,2018/2019,Defender,Southampton,1520,Japan,17,0,1
Mesut Özil,32,Premier League,2018/2019,Midfielder,Arsenal,1741,Germany,24,5,2
Michael Keane,28,Premier League,2018/2019,Defender,Everton,2970,England,33,1,2
Michael Obafemi,20,Premier League,2018/2019,Forward,Southampton,134,Republic of Ireland,6,1,1
Michail Antonio,31,Premier League,2018/2019,Midfielder,West Ham United,2099,England,33,6,4
Michel Vorm,37,Premier League,2018/2019,Goalkeeper,Tottenham Hotspur,180,Netherlands,2,0,0
Michy Batshuayi,27,Premier League,2018/2019,Forward,Crystal Palace,756,Belgium,11,5,0
Miguel Ángel Almirón Rejala,27,Premier League,2018/2019,Midfielder,Newcastle United,763,Paraguay,10,0,0
Miguel Ángel Britos Cabrera,35,Premier League,2018/2019,Defender,Watford,185,Uruguay,3,0,0
Mohamed Diamé,33,Premier League,2018/2019,Midfielder,Newcastle United,2165,Senegal,29,0,0
Mohamed Elneny,28,Premier League,2018/2019,Midfielder,Arsenal,381,Egypt,8,0,0
Mohamed Elyounoussi,26,Premier League,2018/2019,Midfielder,Southampton,790,Norway,16,0,0
Mohamed Salah,28,Premier League,2018/2019,Forward,Liverpool,3262,Egypt,38,22,8
Morgan Gibbs-White,21,Premier League,2018/2019,Midfielder,Wolverhampton Wanderers,647,England,26,0,1
Morgan Schneiderlin,31,Premier League,2018/2019,Midfielder,Everton,833,France,14,0,1
Moussa Dembele,33,Premier League,2018/2019,Midfielder,Tottenham Hotspur,516,Belgium,10,0,0
Moussa Sissoko,31,Premier League,2018/2019,Midfielder,Tottenham Hotspur,2336,France,29,0,3
N'Golo Kanté,30,Premier League,2018/2019,Midfielder,Chelsea,3096,France,36,4,4
Naby Deco Keïta,26,Premier League,2018/2019,Midfielder,Liverpool,1392,Guinea,25,2,1
Nacho Monreal,35,Premier League,2018/2019,Defender,Arsenal,1861,Spain,22,1,3
Nampalys Mendy,28,Premier League,2018/2019,Midfielder,Leicester City,2088,France,31,0,0
Nathan Aké,26,Premier League,2018/2019,Defender,AFC Bournemouth,3412,Netherlands,38,4,0
Nathan Holland,22,Premier League,2018/2019,Midfielder,West Ham United,0,England,0,0,0
Nathan Redmond,27,Premier League,2018/2019,Midfielder,Southampton,3276,England,38,6,4
Nathaniel Chalobah,26,Premier League,2018/2019,Midfielder,Watford,266,England,9,0,0
Nathaniel Clyne,30,Premier League,2018/2019,Defender,AFC Bournemouth,1254,England,18,0,1
Nathaniel Mendez-Laing,28,Premier League,2018/2019,Midfielder,Cardiff City,984,England,20,4,1
Neeskens Kebano,29,Premier League,2018/2019,Midfielder,Fulham,103,Congo DR,7,0,0
Neil Leonard Dula Etheridge,31,Premier League,2018/2019,Goalkeeper,Cardiff City,3420,Philippines,38,0,0
Nemanja Matić,32,Premier League,2018/2019,Midfielder,Manchester United,2441,Serbia,28,1,0
Nicolas Otamendi,33,Premier League,2018/2019,Defender,Manchester City,1233,Argentina,18,0,0
Nikola Tavares,22,Premier League,2018/2019,Defender,Crystal Palace,0,England,0,0,0
Nnamdi Ofoborh,21,Premier League,2018/2019,Midfielder,AFC Bournemouth,0,England,0,0,0
Oleksandr Zinchenko,24,Premier League,2018/2019,Midfielder,Manchester City,1153,Ukraine,14,0,3
Oliver Skipp,20,Premier League,2018/2019,Midfielder,Tottenham Hotspur,216,England,8,0,0
Olivier Giroud,34,Premier League,2018/2019,Forward,Chelsea,832,France,27,2,4
Onyinye Wilfred Ndidi,24,Premier League,2018/2019,Midfielder,Leicester City,3299,Nigeria,38,2,0
Oriol Romeu,29,Premier League,2018/2019,Midfielder,Southampton,2140,Spain,31,1,0
Oumar Niasse,30,Premier League,2018/2019,Forward,Cardiff City,998,Senegal,18,0,0
Pablo Zabaleta,36,Premier League,2018/2019,Defender,West Ham United,2092,Argentina,26,0,1
Pape N'Diaye Souaré,30,Premier League,2018/2019,Defender,Crystal Palace,0,Senegal,1,0,0
Pascal Groß,29,Premier League,2018/2019,Midfielder,Brighton & Hove Albion,1878,Germany,25,3,3
Patrick van Aanholt,30,Premier League,2018/2019,Defender,Crystal Palace,3198,Netherlands,36,3,2
Paul Dummett,29,Premier League,2018/2019,Defender,Newcastle United,1986,Wales,26,0,0
Paul Pogba,28,Premier League,2018/2019,Midfielder,Manchester United,3011,France,35,13,9
Paulo Dino Gazzaniga,29,Premier League,2018/2019,Goalkeeper,Tottenham Hotspur,270,Argentina,3,0,0
Pedro Obiang,29,Premier League,2018/2019,Midfielder,West Ham United,1121,Equatorial Guinea,24,0,1
Pedro Rodriguez,33,Premier League,2018/2019,Midfielder,Chelsea,1780,Spain,31,8,2
Peter Crouch,40,Premier League,2018/2019,Forward,Burnley,86,England,6,0,0
Petr Čech,38,Premier League,2018/2019,Goalkeeper,Arsenal,585,Czech Republic,7,0,0
Phil Bardsley,35,Premier League,2018/2019,Defender,Burnley,1672,Scotland,19,0,0
Phil Jagielka,38,Premier League,2018/2019,Defender,Everton,329,England,7,1,0
Phil Jones,29,Premier League,2018/2019,Defender,Manchester United,1263,England,18,0,1
Philip Billing,24,Premier League,2018/2019,Midfielder,Huddersfield Town,2192,Denmark,27,2,0
Philip Foden,20,Premier League,2018/2019,Midfielder,Manchester City,327,England,13,1,0
Philippe Sandler,24,Premier League,2018/2019,Defender,Manchester City,0,Netherlands,0,0,0
Pierre-Emerick Aubameyang,31,Premier League,2018/2019,Forward,Arsenal,2731,Gabon,36,22,5
Pierre-Emile Højbjerg,25,Premier League,2018/2019,Midfielder,Southampton,2764,Denmark,31,4,3
Rachid Ghezzal,28,Premier League,2018/2019,Forward,Leicester City,738,Algeria,19,1,0
Rafael Euclides Soares Camacho,20,Premier League,2018/2019,Midfielder,Liverpool,0,Portugal,1,0,0
Raheem Sterling,26,Premier League,2018/2019,Forward,Manchester City,2777,England,34,17,10
Rajiv van La Parra,29,Premier League,2018/2019,Midfielder,Huddersfield Town,407,Netherlands,5,0,0
Ramadan Sobhi,24,Premier League,2018/2019,Forward,Huddersfield Town,75,Egypt,4,0,0
Raúl Alonso Jiménez Rodríguez,29,Premier League,2018/2019,Forward,Wolverhampton Wanderers,3124,Mexico,38,13,7
Rhys Healey,26,Premier League,2018/2019,Forward,Cardiff City,49,England,3,0,0
Ricardo Domingos Barbosa Pereira,27,Premier League,2018/2019,Defender,Leicester City,3125,Portugal,35,2,6
Richarlison de Andrade,23,Premier League,2018/2019,Forward,Everton,2679,Brazil,35,13,1
Riyad Mahrez,30,Premier League,2018/2019,Midfielder,Manchester City,1339,Algeria,27,7,4
Rob Holding,25,Premier League,2018/2019,Defender,Arsenal,807,England,10,0,0
Robbie Brady,29,Premier League,2018/2019,Midfielder,Burnley,715,Republic of Ireland,16,0,1
Robert Kenedy Nunes do Nascimento,25,Premier League,2018/2019,Midfielder,Newcastle United,1344,Brazil,25,1,1
Robert Snodgrass,33,Premier League,2018/2019,Midfielder,West Ham United,2222,Scotland,33,2,5
Roberto Firmino,29,Premier League,2018/2019,Forward,Liverpool,2620,Brazil,34,12,6
Roberto Maximiliano Pereyra,30,Premier League,2018/2019,Forward,Watford,2825,Argentina,33,6,1
Romain Saïss,31,Premier League,2018/2019,Midfielder,Wolverhampton Wanderers,1144,Morocco,19,2,0
Romelu Lukaku,27,Premier League,2018/2019,Forward,Manchester United,2130,Belgium,32,12,0
Rondon,31,Premier League,2018/2019,Forward,Newcastle United,2609,Venezuela,32,11,7
Ross Barkley,27,Premier League,2018/2019,Midfielder,Chelsea,1241,England,27,3,5
Rúben Diogo Da Silva Neves,24,Premier League,2018/2019,Midfielder,Wolverhampton Wanderers,3009,Portugal,35,4,3
Rúben Gonçalo Silva Nascimento Vinagre,22,Premier League,2018/2019,Defender,Wolverhampton Wanderers,703,Portugal,17,0,0
Ruben Loftus-Cheek,25,Premier League,2018/2019,Midfielder,Chelsea,983,England,24,6,2
Rui Pedro dos Santos Patrício,33,Premier League,2018/2019,Goalkeeper,Wolverhampton Wanderers,3330,Portugal,37,0,0
Ryan Bennett,31,Premier League,2018/2019,Defender,Wolverhampton Wanderers,3060,England,34,1,0
Ryan Bertrand,31,Premier League,2018/2019,Defender,Southampton,2160,England,24,1,0
Ryan Fraser,27,Premier League,2018/2019,Midfielder,AFC Bournemouth,3173,Scotland,38,7,14
Ryan Fredericks,28,Premier League,2018/2019,Midfielder,West Ham United,1085,England,15,1,0
Ryan Giles,21,Premier League,2018/2019,Midfielder,Wolverhampton Wanderers,0,England,0,0,0
Ryan Guno Babel,34,Premier League,2018/2019,Forward,Fulham,1260,Netherlands,16,5,3
Ryan Schofield,21,Premier League,2018/2019,Goalkeeper,Huddersfield Town,0,England,0,0,0
Ryan Sessegnon,20,Premier League,2018/2019,Defender,Fulham,2298,England,35,2,6
Sadio Mané,28,Premier League,2018/2019,Forward,Liverpool,3086,Senegal,36,22,1
Sam Gallagher,25,Premier League,2018/2019,Forward,Southampton,30,England,4,0,0
Sam Surridge,22,Premier League,2018/2019,Forward,AFC Bournemouth,11,England,2,0,0
Sam Vokes,31,Premier League,2018/2019,Forward,Burnley,913,Wales,20,3,0
Sam Woods,22,Premier League,2018/2019,Defender,Crystal Palace,0,England,0,0,0
Samir Nasri,33,Premier League,2018/2019,Midfielder,West Ham United,246,France,5,0,2
Sandro Ramirez,25,Premier League,2018/2019,Forward,Everton,0,Spain,0,0,0
Scott Dann,34,Premier League,2018/2019,Defender,Crystal Palace,660,England,10,0,1
Scott McTominay,24,Premier League,2018/2019,Midfielder,Manchester United,861,England,16,2,0
Sead Kolašinac,27,Premier League,2018/2019,Defender,Arsenal,1891,Bosnia and Herzegovina,24,0,5
Séamus Coleman,32,Premier League,2018/2019,Defender,Everton,2560,Republic of Ireland,29,2,2
Sean Longstaff,23,Premier League,2018/2019,Midfielder,Newcastle United,688,England,9,1,0
Sean Morrison,30,Premier League,2018/2019,Defender,Cardiff City,3040,England,34,1,3
Sebastian Prödl,33,Premier League,2018/2019,Defender,Watford,13,Austria,1,0,0
Serge Aurier,28,Premier League,2018/2019,Defender,Tottenham Hotspur,564,Côte d'Ivoire,8,0,2
Sergio Aguero,32,Premier League,2018/2019,Forward,Manchester City,2480,Argentina,33,21,8
Sergio Germán Romero,34,Premier League,2018/2019,Goalkeeper,Manchester United,0,Argentina,0,0,0
Sergio Rico,27,Premier League,2018/2019,Goalkeeper,Fulham,2610,Spain,29,0,0
Shane Duffy,29,Premier League,2018/2019,Defender,Brighton & Hove Albion,3088,Republic of Ireland,35,5,1
Shane Long,34,Premier League,2018/2019,Forward,Southampton,1269,Republic of Ireland,26,5,1
Shinji Okazaki,34,Premier League,2018/2019,Forward,Leicester City,269,Japan,21,0,1
Shkodran Mustafi,28,Premier League,2018/2019,Defender,Arsenal,2617,Germany,31,2,0
Simon Francis,36,Premier League,2018/2019,Defender,AFC Bournemouth,1226,England,17,0,2
Simon Mignolet,33,Premier League,2018/2019,Goalkeeper,Liverpool,0,Belgium,0,0,0
Sokratis Papastathopoulos,32,Premier League,2018/2019,Defender,Arsenal,2199,Greece,25,1,2
Solomon March,26,Premier League,2018/2019,Midfielder,Brighton & Hove Albion,2473,England,35,1,5
Souleymane Bamba,36,Premier League,2018/2019,Defender,Cardiff City,2475,Côte d'Ivoire,28,4,1
Stefan Marius Johansen,30,Premier League,2018/2019,Midfielder,Fulham,412,Norway,12,0,0
Stefano Okaka,31,Premier League,2018/2019,Forward,Watford,22,Italy,2,0,0
Stephan Lichtsteiner,37,Premier League,2018/2019,Defender,Arsenal,940,Switzerland,14,0,0
Stephen Ward,35,Premier League,2018/2019,Defender,Burnley,230,Republic of Ireland,3,0,0
Steve Cook,29,Premier League,2018/2019,Defender,AFC Bournemouth,2787,England,31,1,1
Steve Mounié,26,Premier League,2018/2019,Forward,Huddersfield Town,1777,Benin,31,2,3
Steven Davis,36,Premier League,2018/2019,Midfielder,Southampton,96,Northern Ireland,3,0,1
Steven Defour,32,Premier League,2018/2019,Midfielder,Burnley,452,Belgium,6,0,0
Stuart Armstrong,29,Premier League,2018/2019,Midfielder,Southampton,1432,Scotland,29,3,2
Sullay Kaikai,25,Premier League,2018/2019,Midfielder,Crystal Palace,0,England,0,0,0
Sung-Yeung Ki,32,Premier League,2018/2019,Midfielder,Newcastle United,1302,South Korea,18,0,1
Tahith Chong,21,Premier League,2018/2019,Forward,Manchester United,36,Netherlands,2,0,0
Terence Kongolo,27,Premier League,2018/2019,Defender,Huddersfield Town,2722,Netherlands,32,1,1
Theo Walcott,32,Premier League,2018/2019,Forward,Everton,2122,England,37,5,2
Tim Ream,33,Premier League,2018/2019,Defender,Fulham,2051,USA,26,0,0
Timothy Eyoma,21,Premier League,2018/2019,Defender,Tottenham Hotspur,0,England,0,0,0
Timothy Fosu-Mensah,23,Premier League,2018/2019,Defender,Fulham,795,Netherlands,12,0,0
Toby Alderweireld,32,Premier League,2018/2019,Defender,Tottenham Hotspur,2924,Belgium,34,0,0
Tom Cairney,30,Premier League,2018/2019,Midfielder,Fulham,2198,Scotland,31,1,1
Tom Cleverley,31,Premier League,2018/2019,Midfielder,Watford,470,England,13,1,0
Tom Davies,22,Premier League,2018/2019,Midfielder,Everton,975,England,16,0,0
Tom Heaton,34,Premier League,2018/2019,Goalkeeper,Burnley,1710,England,19,0,0
Tom Smith,28,Premier League,2018/2019,Defender,Huddersfield Town,1141,England,15,0,0
Trent Alexander-Arnold,22,Premier League,2018/2019,Defender,Liverpool,2467,England,29,1,12
Troy Deeney,32,Premier League,2018/2019,Forward,Watford,2548,England,32,9,5
Tyias Browning,26,Premier League,2018/2019,Defender,Everton,0,England,0,0,0
Tyreke Johnson,22,Premier League,2018/2019,Defender,Southampton,0,England,1,0,0
Tyrone Mings,28,Premier League,2018/2019,Defender,AFC Bournemouth,141,England,5,0,0
Vicente Guaita,34,Premier League,2018/2019,Goalkeeper,Crystal Palace,1755,Spain,20,0,0
Vicente Iborra De La Fuente,33,Premier League,2018/2019,Midfielder,Leicester City,226,Spain,8,0,0
Víctor Camarasa,26,Premier League,2018/2019,Midfielder,Cardiff City,2579,Spain,32,5,4
Victor Moses,30,Premier League,2018/2019,Midfielder,Chelsea,26,Nigeria,2,0,0
Victor Nilsson Lindelöf,26,Premier League,2018/2019,Defender,Manchester United,2602,Sweden,30,1,1
Victor Wanyama,29,Premier League,2018/2019,Midfielder,Tottenham Hotspur,509,Kenya,13,1,0
Viktor Gyökeres,22,Premier League,2018/2019,Forward,Brighton & Hove Albion,0,Sweden,0,0,0
Vincent Janssen,26,Premier League,2018/2019,Forward,Tottenham Hotspur,36,Netherlands,3,0,0
Vincent Kompany,34,Premier League,2018/2019,Defender,Manchester City,1223,Belgium,17,1,0
Virgil van Dijk,29,Premier League,2018/2019,Defender,Liverpool,3385,Netherlands,38,4,2
Wayne Hennessey,34,Premier League,2018/2019,Goalkeeper,Crystal Palace,1575,Wales,18,0,0
Wes Morgan,37,Premier League,2018/2019,Defender,Leicester City,1926,Jamaica,22,3,0
Wesley Hoedt,27,Premier League,2018/2019,Defender,Southampton,1170,Netherlands,13,0,0
Wilfredo Daniel Caballero,39,Premier League,2018/2019,Goalkeeper,Chelsea,180,Argentina,2,0,0
Wilfried Zaha,28,Premier League,2018/2019,Midfielder,Crystal Palace,3041,Côte d'Ivoire,34,10,5
Will Hughes,25,Premier League,2018/2019,Midfielder,Watford,2436,England,32,2,4
Will Norris,27,Premier League,2018/2019,Goalkeeper,Wolverhampton Wanderers,0,England,1,0,0
Willian,32,Premier League,2018/2019,Forward,Chelsea,2108,Brazil,32,3,6
Willy Boly,30,Premier League,2018/2019,Defender,Wolverhampton Wanderers,3169,France,36,4,0
Xherdan Shaqiri,29,Premier League,2018/2019,Midfielder,Liverpool,1058,Switzerland,24,6,3
Yann Valery,22,Premier League,2018/2019,Defender,Southampton,1715,France,23,2,1
Yerry Fernando Mina González,26,Premier League,2018/2019,Defender,Everton,890,Colombia,13,1,0
Yoshinori Muto,28,Premier League,2018/2019,Forward,Newcastle United,516,Japan,17,1,0
Youri Tielemans,23,Premier League,2018/2019,Midfielder,Leicester City,1092,Belgium,13,3,4
Yves Bissouma,24,Premier League,2018/2019,Midfielder,Brighton & Hove Albion,1769,Mali,28,0,0
Zechariah Medley,20,Premier League,2018/2019,Defender,Arsenal,0,England,0,0,0
Zeze Steven Sessegnon,20,Premier League,2018/2019,Defender,Fulham,0,England,0,0,0
Łukasz Fabiański,35,Premier League,2018/2019,Goalkeeper,West Ham United,3420,Poland,38,0,0
